"caption","hashtags/0","hashtags/1","hashtags/2","hashtags/3","hashtags/4","hashtags/5","hashtags/6","hashtags/7","hashtags/8","hashtags/9","hashtags/10","hashtags/11","hashtags/12","hashtags/13","hashtags/14","hashtags/15","hashtags/16","hashtags/17","hashtags/18","hashtags/19","hashtags/20","hashtags/21","hashtags/22","hashtags/23","hashtags/24","hashtags/25","hashtags/26","hashtags/27","hashtags/28","hashtags/29"
"Comment Your Views on this.
.
.
.
.
.
.
.
#SupremeCourt #supremecourtofindia #India #IndianGoverment #Delhi #UP #UttarPradesh #hindi #NationalLanguage #supremecourtjustice #NarendraModi #BJP #INC #RahulGandi #Modiji","SupremeCourt","supremecourtofindia","India","IndianGoverment","Delhi","UP","UttarPradesh","hindi","NationalLanguage","supremecourtjustice","NarendraModi","BJP","INC","RahulGandi","Modiji",,,,,,,,,,,,,,,
"#rahulgandhi #nextpmrahulgandhi #india #congress #ashokgehlot #ashokchandna #viral#photo#rahulgandi","rahulgandhi","nextpmrahulgandhi","india","congress","ashokgehlot","ashokchandna","viral","photo","rahulgandi",,,,,,,,,,,,,,,,,,,,,
"Supreme Court On Trail Court In Rahul Gandhi Defamation Case

#supremecourt #highcourt
#rahulgandhi #narendramodi #defamation #india #youth #congress #bjp #justice #gujarathighcourt #gujarat #surat #court #update #live","supremecourt","highcourt","rahulgandhi","narendramodi","defamation","india","youth","congress","bjp","justice","gujarathighcourt","gujarat","surat","court","update","live",,,,,,,,,,,,,,
"मानहानि के मामले में राहुल गांधी को कड़ी से कड़ी सजा सुनाते हुए सेशन और हाई कोर्ट ने 2 साल की सजा सुनाई थी। अब सुप्रीम कोर्ट ने उस पर रोक लगाते हुए राहुल गांधी को इस मामले मे राहत दी है और आगे चलकर मानहानि के इस मामले को रद्द भी किया जा सकता है सुप्रीम कोर्ट द्वारा।
सुप्रीम कोर्ट के इस फैसले से कांग्रेस और यूनाइटेड इंडिया (I.N.D.I.A) पार्टी में हर्ष और खुशी का माहौल दिखाई दे रहा है और हो भी क्यों ना राहुल गांधी जैसे दिग्गज नेता भारत की 26 पार्टियों को एक साथ लाकर खड़ा कर दिया है आने वाले समय में राहुल गांधी इस देश को एक नई दिशा देंगे :- यह जनता की मानना है। 
#rahulgandhi #congress #india","rahulgandhi","congress","india",,,,,,,,,,,,,,,,,,,,,,,,,,,
"મોદી અટક બદનક્ષી કેસમાં ગઈ કાલે સુપ્રીમ કોર્ટે કોંગ્રેસ નેતા રાહુલ ગાંધીને મોટી રાહત આપી હતી. સુપ્રીમ કોર્ટે મોદી સરનેમ માનહાનિ કેસમાં તેમની સજા પર રોક લગાવી દીધી હતી. સુરતની સેશન્સ કોર્ટે રાહુલ ગાંધીને મોદી અટક બદનક્ષી કેસમાં 2 વર્ષની જેલની સજા સંભળાવી હતી, ત્યારબાદ તેમની લોકસભાની સદસ્યતા પણ ગુમાવી દીધી હતી.

Read The Article Link In Story and Bio 🔗
.
.
.
#rahulgandhi #rahul #congress","rahulgandhi","rahul","congress",,,,,,,,,,,,,,,,,,,,,,,,,,,
"Sandra Cano for Congress Yard Sign

You Can Check Here:
https://www.usatrendyshirt.com/sandra-cano-for-congress-yard-sign

#SandraCano #Congress #Rhode #RhodeIsland 
#election #vote #politics #trump #usa #news #biden #elections 
#democrat #america #donaldtrump #joebiden #democrats #republican #congress #electionday","SandraCano","Congress","Rhode","RhodeIsland","election","vote","politics","trump","usa","news","biden","elections","democrat","america","donaldtrump","joebiden","democrats","republican","congress","electionday",,,,,,,,,,
"🇮🇳🇮🇳सत्यमेव जयते!!!
#RahulGandhi ,
#Congress ,
@nasrullahlnmu,
#nasrullahlnmu ,
#NSUI ,
#Bihar ,
#LNMU ,","RahulGandhi","Congress","nasrullahlnmu","NSUI","Bihar","LNMU",,,,,,,,,,,,,,,,,,,,,,,,
"भाजपा सांसद रामशंकर कठेरिया को दो साल की सजा
बोले कांग्रेस नेता दिग्गी राजा
अब देखते हैं कब होती है सदस्यता समाप्त
राहुल गांधी मामले में 24 घंटे में हुई थी सदस्यता समाप्त |
.
.
.
.
.
.
.
.
.
.
.
.
.

.
.
.
.
.
.
.
.
.
.
.
.
#BJP #BharatiyaJanataParty #IndianPolitics #BJPGovernment #NarendraModi #BJPAlliance #BJPLeaders #BJPManifesto #BJP2023 #BJP4India
#Congress #IndianNationalCongress #CongressParty #INC #RahulGandhi #CongressLeaders #IndianPolitics #CongressManifesto #CongressAlliance #CongressVision #digvijaysingh","BJP","BharatiyaJanataParty","IndianPolitics","BJPGovernment","NarendraModi","BJPAlliance","BJPLeaders","BJPManifesto","BJP2023","BJP4India","Congress","IndianNationalCongress","CongressParty","INC","RahulGandhi","CongressLeaders","CongressManifesto","CongressAlliance","CongressVision","digvijaysingh",,,,,,,,,,
"THE PM RETURNS....🌹
“എത്രപേർ രണത്തിലാണ്ടു വീര മൃത്യുവേറ്റിടുന്നു നാം?
തത്രചെന്നു സത്യയുദ്ധമിക്ഷണം ജയിക്കണം💪
വെടികളടികളിടികളൊക്കെ വന്നു മേത്തു കൊള്ളുകിൽ😔
പൊടി തുടച്ചു ചിരിച്ചിരിച്ചു മാറുകാട്ടി നിൽക്കണം.……
ധീരരേ........💪“

#rahulgandhi 
#rahulgandi 
#inc 
#udfkerala 
#udf 
#inckerala","rahulgandhi","rahulgandi","inc","udfkerala","udf","inckerala",,,,,,,,,,,,,,,,,,,,,,,,
"அவதூறு வழக்கில் ராகுல் காந்திக்கு விதிக்கப்பட்ட 2ஆண்டு சிறை தண்டனை நிறுத்தி வைத்தது உச்சநீதிமன்றம். #RahulGandi | #SupremeGandhi | #Dinamalar","RahulGandi","SupremeGandhi","Dinamalar",,,,,,,,,,,,,,,,,,,,,,,,,,,
"ದ್ವೇಷ ಸೋತಿತು, ಪ್ರೀತಿ ಗೆದ್ದಿತು

ಸತ್ಯಮೇವ ಜಯತೆ

#SatyamevaJayate
#JanNayakRahulGandhi #rahulgandi @rahulgandhi #congress #india","SatyamevaJayate","JanNayakRahulGandhi","rahulgandi","congress","india",,,,,,,,,,,,,,,,,,,,,,,,,
"ന്യൂഡൽഹി: മോദി പരാമർശവുമായി ബന്ധപ്പെട്ട അപകീർത്തിക്കേസിൽ മാപ്പ് പറയില്ലെന്ന് രാഹുൽ ഗാന്ധി. കേസിലെ ശിക്ഷാവിധി സ്റ്റേ ചെയ്യണമെന്ന് ആവശ്യപ്പെട്ട് സുപ്രിംകോടതിയിൽ സമർപ്പിച്ച സത്യവാങ്മൂലത്തിലാണ് രാഹുൽ നിലപാട് ആവർത്തിച്ചത്. ഹരജിക്കാരൻ നിയമം ദുരുപയോഗം ചെയ്യുകയാണെന്നും രാഹുൽ ഗാന്ധി സത്യവാങ്മൂലത്തിൽ ചൂണ്ടിക്കാട്ടി.

രാഹുൽ സുപ്രിംകോടതിയെ സമീപിച്ചതിന് പിന്നാലെ കോടതി എതിർ കക്ഷിക്ക് നോട്ടീസ് നൽകിയിരുന്നു. രാഹുൽ ഗാന്ധിക്ക് ധാർഷ്ട്യമാണെന്നാണ് പൂർണേഷ് മോദി ഇതിന് നൽകിയ മറുപടിയിൽ പറഞ്ഞത്. മാപ്പ് പറയാൻ താൻ സവർക്കറല്ലെന്നാണ് രാഹുൽ പറഞ്ഞതെന്നും പൂർണേഷ് മോദി കോടതിയെ അറിയിച്ചു. വെള്ളിയാഴ്ചയാണ് രാഹുലിന്റെ ഹരജി കോടതി പരിഗണിക്കുന്നത്.

'എല്ലാ കള്ളൻമാർക്കും മോദിയെന്ന് പേര് വന്നതെങ്ങനെ?' എന്ന രാഹുലിന്റെ 2019ലെ പരാമർശമാണ് കേസിന് ആധാരം. ബി.ജെ.പി നേതാവായ പൂർണേഷ് മോദിയാണ് ഇതിനെതിരെ കോടതിയെ സമീപിച്ചത്. സൂറക്ക് മജിസ്‌ട്രേറ്റ് കോടതിയാണ് ഈ കേസിൽ രാഹുലിനെ രണ്ടുവർഷം തടവിന് ശിക്ഷിച്ചത്. വിധി സ്‌റ്റേ ചെയ്യണമെന്ന ആവശ്യം ഗുജറാത്ത് ഹൈക്കോടതി തള്ളിയതിന് പിന്നാലെയാണ് രാഹുൽ സുപ്രിംകോടതിയെ സമീപിച്ചത്.

#rahulgandi #supremecourt #latestmalayalamnews","rahulgandi","supremecourt","latestmalayalamnews",,,,,,,,,,,,,,,,,,,,,,,,,,,
"Proposal: HD Colonoscopy + AI + EMR
Operator: Dr. @albertogebaptista 

Moderators:
▶️ #DrThierryPonchon
▶️ #DrRastislavKunda

#Congress #EndoscopyLive #IECED #Pentax #August #Course #Online #Live #Endoscopy #medicine #medicina #fellows","DrThierryPonchon","DrRastislavKunda","Congress","EndoscopyLive","IECED","Pentax","August","Course","Online","Live","Endoscopy","medicine","medicina","fellows",,,,,,,,,,,,,,,,
"Bosun Tijani, one of the ministerial nominees of President Bola Tinubu, has apologised to the Senate over his tweets from four years ago.

Tijani tendered the apology during his ministerial screening at the Senate on Saturday.

While addressing the Senate, he said that he tweeted out of frustration.

The ministerial nominee said, ""Distinguished senators, please accept my apology if I went too far. I'm absolutely sorry for everything I said.""

Tijani's tweet criticising President Bola Tinubu resurfaced on social media following his inclusion on the ministerial list. 

In his tweets, while replying to #Babajiide #busanga and #iaboyeji on July 23, 2019, Tijani said, ""It is becoming the norm. Tinubu fed them that rubbish narrative with his 'serving power a la carte' wisdom. Go invest your time and money into your business if you want to propagate such a rubbish narrative.""

#politics #news #memes #election #maga #congress #covid #politicalmemes #vote #democrat #liberal #freedom #democrats #government #biden #love #political #meme #instagram #bhfyp","Babajiide","busanga","iaboyeji","politics","news","memes","election","maga","congress","covid","politicalmemes","vote","democrat","liberal","freedom","democrats","government","biden","love","political","meme","instagram","bhfyp",,,,,,,
"महाराष्ट्र प्रदेश कॅाग्रेस  कमिटी (ओबीसी विभाग )कोकण विभागाची आढावा बैठक संपन्न  #vinodvijay #Congress #OBC #RahulGandhi #vinodvijay","vinodvijay","Congress","OBC","RahulGandhi",,,,,,,,,,,,,,,,,,,,,,,,,,
"#india #manipur #manipurviolence #kukki #modi #bjp #amitshah #congress #rahulgandi #priyankawadra #delhi #voilence #reels #explorepage","india","manipur","manipurviolence","kukki","modi","bjp","amitshah","congress","rahulgandi","priyankawadra","delhi","voilence","reels","explorepage",,,,,,,,,,,,,,,,
"#rahulgandi #rahulgandhi #brijbhushansharansingh #tredning #congress #inc","rahulgandi","rahulgandhi","brijbhushansharansingh","tredning","congress","inc",,,,,,,,,,,,,,,,,,,,,,,,
"🏛️ At this point, Donald Trump has been indicted a few times under many different charges. How do these charges affect his ability to campaign for or win the 2024 election?

Generally, they don’t affect it much at all. The Constitution places few restrictions on who can run for president and mentions nothing that would bar someone from being elected to the office due to being indicted or convicted. 

However, some questions regarding his ability to serve as president don’t have a clear answer. The idea of someone serving from prison is unprecedented, and the Supreme Court may have to get involved to decide if Trump would be able to. (Assuming he’s in prison if/when he wins the election.) They would also have to decide if he, as president, could dismiss the case against him entirely.

❗ For more updates on current events, follow @thedemocraticdigest.
-
-
#TheDemocraticDigest #Politics #Elections #Republican #Democrats #Independent #News #USA #Vote #Like #Freedom #Education #Learn #Congress #America #Political #UnitedStates #Politica #Politicians #Likes #Candidate #Election #Education #Bill #Follow #Money #Trump #Jail #Court #Law","TheDemocraticDigest","Politics","Elections","Republican","Democrats","Independent","News","USA","Vote","Like","Freedom","Education","Learn","Congress","America","Political","UnitedStates","Politica","Politicians","Likes","Candidate","Election","Bill","Follow","Money","Trump","Jail","Court","Law",
"कांतिलाल भूरिया बने कांग्रेस की कैंपेन कमेटी के अध्यक्ष:MP चुनाव में सुरजेवाला को बनाया सीनियर ऑब्जर्वर; कमलनाथ चुनाव समिति अध्यक्ष

ऑल इंडिया कांग्रेस कमेटी (AICC) ने मध्यप्रदेश में इसी साल होने वाले विधानसभा चुनाव और अगले साल (2024) में होने वाले लोकसभा चुनाव की तैयारियां तेज कर दी हैं। विधानसभा चुनाव को लेकर कांग्रेस ने इलेक्शन कैंपेन कमेटी (चुनाव प्रचार अभियान समिति) और चुनाव समिति की घोषणा कर दी है।

32 सदस्य की कैंपेन कमेटी का अध्यक्ष आदिवासी नेता और विधायक कांतिलाल भूरिया को बनाया है। प्रदेश चुनाव समिति का अध्यक्ष कमलनाथ को बनाया गया है।

#SwadeshNews #NationalNews #kantilalbhuria #Congress #KamalNath #rahulgandi #MpCongress #HindiNews","SwadeshNews","NationalNews","kantilalbhuria","Congress","KamalNath","rahulgandi","MpCongress","HindiNews",,,,,,,,,,,,,,,,,,,,,,
"Congresso SMILE e HOF 2023🦷✨

#smileehofinrio #rj #dentist #cirurgiadentista #periodontia #implantodontia #implantes #congress #smile #love #conhecimento","smileehofinrio","rj","dentist","cirurgiadentista","periodontia","implantodontia","implantes","congress","smile","love","conhecimento",,,,,,,,,,,,,,,,,,,
"Remember when Congressman Joker tried to outlaw ""Men of serious demeanor and unfunny views""? Boy, were they pissed off about that!

#Joker #history #batman #capitol #congress #obscurefacts #TalkAboutThoseClownsInCongress","Joker","history","batman","capitol","congress","obscurefacts","TalkAboutThoseClownsInCongress",,,,,,,,,,,,,,,,,,,,,,,
"voice of pepole...

#rahulgandhi #politics #hindu #kashmir  #election  #indianarmy #uttarpradesh  #congress #INDIA  #TAMILNADU #India #TN #elections #voiceofpepole
 I.N.D.I.A 
 #IndianNationalDevelopmentalInclusiveAlliance","rahulgandhi","politics","hindu","kashmir","election","indianarmy","uttarpradesh","congress","INDIA","TAMILNADU","India","TN","elections","voiceofpepole","IndianNationalDevelopmentalInclusiveAlliance",,,,,,,,,,,,,,,
"Rashtriya Janata Dal president Lalu Prasad Yadav, dressed in a black t-shirt, looking healthy and cheerful despite a long spell in prison and hospital, and relentless harassment of his family by the Enforcement Directorate, greeted former Congress president Sonia Gandhi warmly on Monday, July 17, in Bangalore. His jovial mood is a trend-setter of sorts and reflects a joyous shift in the smiling faces of most Opposition leaders. @amitsengupta01 writes.

Read the full report here: https://bit.ly/3pNXYJt 

#thecitizen #news #latestnews #breakingnews #bangalore #rjd #congress #politics #ed #soniagandhi #rahulgandi","thecitizen","news","latestnews","breakingnews","bangalore","rjd","congress","politics","ed","soniagandhi","rahulgandi",,,,,,,,,,,,,,,,,,,
"ना थके कभी पैर ना कभी हिम्मत हारी है,
हौंसला है ज़िन्दगी में कुछ कर दिखाने का,
इसलिए अभी भी सफर जारी है।
@SachinPilot 
@MukeshBhakar_ 
#kartikinc_ 
#sachinpilot 
#sachinpilotrajasthanpilot #rajsamandlake

.
#viralvide #viralphoto #trending _ #popularvideos #instaviral #trendingnow #viralvideos #viralvideos #viraltiktok #viralpost #followforfollowback #congress","kartikinc_","sachinpilot","sachinpilotrajasthanpilot","rajsamandlake","viralvide","viralphoto","trending","popularvideos","instaviral","trendingnow","viralvideos","viraltiktok","viralpost","followforfollowback","congress",,,,,,,,,,,,,,,
"હાલમાં થોડાક સમય પહેલાં જ આપણે સમાચાર વાંચ્યા હતા સોનિયા ગાંધીએ રાહુલ ગાંધી માટે છોકરી શોધવાની જવાબદારી કોઈને સોંપી હતી અને આ બધા વચ્ચે એક એક્ટ્રેસ રાહુલ ગાંધી સાથે લગ્ન કરવા માટે તૈયાર છે, પણ તેણે આ માટે એક શરત મૂકી છે.

Read The Article Link In Story and Bio 🔗
.
.
.
#sherlynchopra #rahulgandhi #congress","sherlynchopra","rahulgandhi","congress",,,,,,,,,,,,,,,,,,,,,,,,,,,
"26 विरोधी पक्षांच्या बैठकी बेंगळुरूमध्ये ठरल्यानुसार यूपीएचे नवीन नाव INDIA ठेवण्यात आले.

#rashtrasanchar #maharahstra #aamaadmiparty #ncp #congress #sapa #sharadpawar #upa #shivsena #soniagandhi #rahulgandi #news #latestupdate","rashtrasanchar","maharahstra","aamaadmiparty","ncp","congress","sapa","sharadpawar","upa","shivsena","soniagandhi","rahulgandi","news","latestupdate",,,,,,,,,,,,,,,,,
"ನಾಳೆಯಿಂದಲೇ 'ಗೃಹ ಲಕ್ಷ್ಮೀ' ಯೋಜನೆ ಜಾರಿ

ಪೆಟ್ರೋಲ್, ಡೀಸೆಲ್, ಅಡುಗೆ ಅನಿಲ, ಬೇಳೆ-ಕಾಳು, ತರಕಾರಿ ಸೇರಿದಂತೆ ಗೃಹ ಬಳಕೆ ವಸ್ತುಗಳ ಬೆಲೆ ಏರಿಕೆಯಿಂದ ತೀವ್ರ ಸಂಕಷ್ಟ ಎದುರಿಸುತ್ತಿರುವ ಜನರಿಗೆ ಕಾಂಗ್ರೆಸ್ ಸರ್ಕಾರ ಗ್ಯಾರಂಟಿ ಜಾರಿಗಳ ಪರಿಹಾರ ನೀಡುತ್ತಿದೆ. ಚುನಾವಣಾ ಪೂರ್ವದಲ್ಲಿ ರಾಜ್ಯದ ಜನರಿಗೆ ಕೊಟ್ಟ ಮಾತಿನಂತೆ ಈಗಾಗಲೇ  ಶಕ್ತಿ, ಗೃಹ ಜ್ಯೋತಿ, ಅನ್ನಭಾಗ್ಯ ಯೋಜನೆಗಳನ್ನು ಜಾರಿ ಮಾಡಲಾಗಿದೆ.

ಕಾಂಗ್ರೆಸ್ ಸರ್ಕಾರದ ಮತ್ತೊಂದು ಮಹತ್ವಾಕಾಂಕ್ಷೆಯ ಗ್ಯಾರಂಟಿ ಯೋಜನೆ 'ಗೃಹ ಲಕ್ಷ್ಮಿ' ನಾಳೆಯಿಂದ ಅಂದರೆ ಜುಲೈ 19ರಿಂದ ಜಾರಿಯಾಗಲಿದೆ. ಈ ಯೋಜನೆಯನ್ವಯ ಮನೆ ಒಡತಿಗೆ ಪ್ರತಿ ತಿಂಗಳು ₹2000 ಹಣವನ್ನು ನೇರವಾಗಿ ಅವರ ಖಾತೆಗೆ ಹಾಕಲಾಗುವುದು. ಮನೆಯ ಒಡತಿಯಾಗಿ ನಿಮ್ಮ ಹೆಸರನ್ನು ರಿಜಿಸ್ಟರ್ ಮಾಡಿಕೊಳ್ಳಿ. ಕರ್ನಾಟಕ ಒನ್, ಬೆಂಗಳೂರು ಒನ್, ಗ್ರಾಮ ಒನ್ ಹಾಗೂ ಬಾಪೂಜಿ ಕೇಂದ್ರಗಳಲ್ಲಿ ಉಚಿತವಾಗಿ ನೋಂದಾಯಿಸಿಕೊಳ್ಳಬಹುದಾಗಿದೆ, ಇಲ್ಲವೇ ಸ್ವಯಂಸೇವಕ 'ಪ್ರಜಾಪ್ರತಿನಿಧಿಗಳು' ಮನೆ ಮನೆಗೆ ತೆರಳಿ ನೋಂದಣಿ ಮಾಡಲು ಬಂದಾಗ ಆಗಲೂ ತಾವು ಉಚಿತವಾಗಿ ನೋಂದಾಯಿಸಿಕೊಳ್ಳಬಹುದು. ನೋಂದಣಿಗಾಗಿ ಬ್ಯಾಂಕ್ ಪಾಸ್ ಬುಕ್ ಪ್ರತಿ, ಪಡಿತರ ಕಾರ್ಡ್ ಸಂಖ್ಯೆ ಹಾಗೂ ಮೊಬೈಲ್ ಸಂಖ್ಯೆಯನ್ನು ಒದಗಿಸಬೇಕಾಗುತ್ತದೆ. ನೊಂದಾವಣಿ ಮಾಡಿಕೊಳ್ಳಲು ಯಾವುದೇ ಕೊನೆಯ ದಿನಾಂಕ ಇರುವುದಿಲ್ಲ. ಹಾಗಾಗಿ ಸಾರ್ವಜನಿಕರು ಆತಂಕಕ್ಕೆ ಒಳಗಾಗದೇ, ಅನಗತ್ಯವಾಗಿ ಅವಸರ ಪಡದೇ ರಿಜಿಸ್ಟರ್ ಮಾಡಿಕೊಳ್ಳಿ. #acsrinivasa #congress #siddaramiah #dkshivakumar #rahulgandi #bengaluru #karnataka","acsrinivasa","congress","siddaramiah","dkshivakumar","rahulgandi","bengaluru","karnataka",,,,,,,,,,,,,,,,,,,,,,,
"मांझी समाज की शान आदरणीय पूर्व सांसद, केबिनेट मंत्री 
श्री Shankh Lal Majhi जी के सुठालिया राजगढ़
मध्यप्रदेश आगमन पर हार्दिक स्वागत बंधन अभिनंदन 

मुकेश रैकवार चंदेरी 
सरपंच - ग्राम पंचायत मुरादपुर 
अध्यक्ष - चंदेरी विधानसभा मांझी महासंघ म. प्र. 
#MrChanderi #MukeshChanderi #MP

#चन्देरी_विधानसभा 
#MukeshChanderi #Chanderi #Ashoknagar 
#madhyapradesh #politics #politician #Bjp #bjp4mp #congress #incmp #Aap #Aapmp #samajwadiparty #bhimarmy #bsp #Pradhan #sarpanch #mla #mp #minister #jansamparkmp #News #viral #post","MrChanderi","MukeshChanderi","MP","चन्देरी_विधानसभा","Chanderi","Ashoknagar","madhyapradesh","politics","politician","Bjp","bjp4mp","congress","incmp","Aap","Aapmp","samajwadiparty","bhimarmy","bsp","Pradhan","sarpanch","mla","mp","minister","jansamparkmp","News","viral","post",,,
"#aajnoyug #news #Rahulgandi #modi #Congress #supremecourt","aajnoyug","news","Rahulgandi","modi","Congress","supremecourt",,,,,,,,,,,,,,,,,,,,,,,,
"राहुल गाँधी की बहुत से उम्मीदे SC से जुडी हुई है । सरनेम मामले के बाद 21 जुलाई को सुप्रीम कोर्ट में सुनवाई होगी I

#rahulgandhimemes #rahulgandi #memes😂 #explorepage #exploremore #trendingpost #viralvideos #viralposts #divyabharatnewsindia #india #bjp #congress","rahulgandhimemes","rahulgandi","memes😂","explorepage","exploremore","trendingpost","viralvideos","viralposts","divyabharatnewsindia","india","bjp","congress",,,,,,,,,,,,,,,,,,
"You sure ‘bout that?

-

#thewestwing #politics #congress #congressionalhearing #theinternet","thewestwing","politics","congress","congressionalhearing","theinternet",,,,,,,,,,,,,,,,,,,,,,,,,
"#aajnoyug #news #Rahulgandi #congress #supremecourt","aajnoyug","news","Rahulgandi","congress","supremecourt",,,,,,,,,,,,,,,,,,,,,,,,,
"कण-कण में राहुल गांधी बोलते हुए इरफान ने बताया कि किसके बोलने पर सीएम हेमंत ने की थी कार्रवाई...

#jharkhandnews #irfanansari #rahulgandi","jharkhandnews","irfanansari","rahulgandi",,,,,,,,,,,,,,,,,,,,,,,,,,,
"Good days have come
. 

#bjp #bjpindia #byebyemodi #bjpmemes #modi #modiji #congress #congresso #congressos #congressparty #viralpost #virałpost #ᴠɪʀᴀʟᴘᴏsᴛ #instapost #polictics #rahulgandi","bjp","bjpindia","byebyemodi","bjpmemes","modi","modiji","congress","congresso","congressos","congressparty","viralpost","virałpost","ᴠɪʀᴀʟᴘᴏsᴛ","instapost","polictics","rahulgandi",,,,,,,,,,,,,,
"Walter Berbrick for Congress Yard Sign

You Can Check Here:
https://www.usatrendyshirt.com/walter-berbrick-for-congress-yard-sign

#WalterBerbrick #Congress #Rhode #RhodeIsland 
#election #vote #politics #trump #usa #news #biden #elections 
#democrat #america #donaldtrump #joebiden #democrats #republican #congress #electionday","WalterBerbrick","Congress","Rhode","RhodeIsland","election","vote","politics","trump","usa","news","biden","elections","democrat","america","donaldtrump","joebiden","democrats","republican","congress","electionday",,,,,,,,,,
"Rahul Gandhi ✊✋🇨🇮

#rahulgandi 
#congressofficialy","rahulgandi","congressofficialy",,,,,,,,,,,,,,,,,,,,,,,,,,,,
"मांझी समाज के गौरव आदरणीय राज्यसभा सांसद
श्री Jai Prakash Nishad जी के सुठालिया राजगढ़
मध्यप्रदेश आगमन पर हार्दिक स्वागत बंधन अभिनंदन 

मुकेश रैकवार चंदेरी 
सरपंच - ग्राम पंचायत मुरादपुर
अध्यक्ष - चंदेरी विधानसभा मांझी महासंघ म. प्र. 
#MrChanderi #MukeshChanderi #MP

#चन्देरी_विधानसभा 
#MukeshChanderi #Chanderi #Ashoknagar 
#madhyapradesh #politics #politician #Bjp #bjp4mp #congress #incmp #Aap #Aapmp #samajwadiparty #bhimarmy #bsp #Pradhan #sarpanch #mla #mp #minister #jansamparkmp #News #viral #post","MrChanderi","MukeshChanderi","MP","चन्देरी_विधानसभा","Chanderi","Ashoknagar","madhyapradesh","politics","politician","Bjp","bjp4mp","congress","incmp","Aap","Aapmp","samajwadiparty","bhimarmy","bsp","Pradhan","sarpanch","mla","mp","minister","jansamparkmp","News","viral","post",,,
"राहुल गांधी जी को संसद और सरकारी आवास से निकाल सकते हो मगर जनता के दिलों से कैसे निकालोगे
@rahulgandhi जी
#kasimkhan_kasiyanakhan #rahulgandhivoiceofindia #myleaderrahulgandhi
#priyankagandhi #priyankagandhivadra #incindia #rahulgandi #राहुल_गांधी #rahulgandhi #congress","kasimkhan_kasiyanakhan","rahulgandhivoiceofindia","myleaderrahulgandhi","priyankagandhi","priyankagandhivadra","incindia","rahulgandi","राहुल_गांधी","rahulgandhi","congress",,,,,,,,,,,,,,,,,,,,
"बृहन्मुंबई महानगर पालिका(बीएमसी) वार्ड एफ नॉर्थ में बढ़ते गड्ढों और जलभराव की समस्या को लेकर 5 Aug. 23 शनिवार को मुंबई कांग्रेस के महासचिव, प्रदेश प्रतिनिधि श्री अमित जगन्नाथ शेट्टी और बड़ी संख्या में कांग्रेस कार्यकर्ताओं ने विरोध प्रदर्शन किया गया।
#आवाज_मुंबईकरांचा
#VoiceofMumbai
#stopbmcloot
#Congress #Mumbai #BMC #MumbaiNews #Protest #News #MumbaiRoads #MumbaiUpdates
@middayindia","आवाज_मुंबईकरांचा","VoiceofMumbai","stopbmcloot","Congress","Mumbai","BMC","MumbaiNews","Protest","News","MumbaiRoads","MumbaiUpdates",,,,,,,,,,,,,,,,,,,
"आज, माननीय कांग्रेस अध्यक्ष, मल्लिकार्जुन खरगे जी  के नेतृत्व में महाराष्ट्र कांग्रेस के नेताओं के साथ बैठक हुई।

महाराष्ट्र कांग्रेस पार्टी का गढ़ है और हमारा ध्यान वहां कांग्रेस पार्टी को मज़बूत करने और लोगों की आवाज उठाने पर केंद्रित है। हम मिलकर यह सुनिश्चित करेंगे कि इस जनविरोधी सरकार की हार हो।
श्री @rahulgandhi जी 
#kasimkhan_kasiyanakhan #rahulgandhivoiceofindia #myleaderrahulgandhi #priyankagandhi #priyankagandhivadra #incindia #राहुल_गांधी #rahulgandhi #congress #rahulgandi","kasimkhan_kasiyanakhan","rahulgandhivoiceofindia","myleaderrahulgandhi","priyankagandhi","priyankagandhivadra","incindia","राहुल_गांधी","rahulgandhi","congress","rahulgandi",,,,,,,,,,,,,,,,,,,,
"A really cool picture that I captured of the U.S. Capitol building. #history #politics #congress #filminglocation #filminglocations #movielocation #hollywood #washingtondc #uscapitol #politics #america #historic #fyp #viral #fypシ #photography #photo #architecture","history","politics","congress","filminglocation","filminglocations","movielocation","hollywood","washingtondc","uscapitol","america","historic","fyp","viral","fypシ","photography","photo","architecture",,,,,,,,,,,,,
"ये ही तो मोहब्बत की दुकान है….❤️❤️
Rahul Gandhi 🤘🤗#rahulGandi","rahulGandi",,,,,,,,,,,,,,,,,,,,,,,,,,,,,
"WERFEN Sie einen Blick in die A G E N D A! 📝

Es lohnt sich dabei zu sein!! MiDay Deutschland 2023, 19.09.:
https://bit.ly/3NBsLPg 
#manufacturing #plastics #conference #injectionmolding #molding #FOTOS #MiDay #help #events #presentation #speakers #HIGHLIGHT #Audiences #VisionUpdates #colors #fun #learning #instapic #picoftheday #toolmaking #industry @moldex3d @msc_software #instagram #software #Congress #instagood #LetsGo #Tip","manufacturing","plastics","conference","injectionmolding","molding","FOTOS","MiDay","help","events","presentation","speakers","HIGHLIGHT","Audiences","VisionUpdates","colors","fun","learning","instapic","picoftheday","toolmaking","industry","instagram","software","Congress","instagood","LetsGo","Tip",,,
"#arjunmodhwadia##rahulgandhi#congress#@amitchavdainc@arjunmodhwadia@drmanishdoshi@shaktisinhgohil.inc@rahulgandhi@vimalbhaichudasma@mla.arvindladani@hirabhaijotva","arjunmodhwadia","#rahulgandhi","congress","@amitchavdainc",,,,,,,,,,,,,,,,,,,,,,,,,,
"Polis said that he will use his powers in Congress to fight against any attempts by the government to enact policies that restrict the growth of bitcoin and its burgeoning startup community, stating:
“If there was an agency that reacted in an irrationally negative way to digital currencies, I would be happy to rally support [in Congress] to restrict their funding.” #bitcoin #advancement #congress #us #unitedstates #gov #government #news #technology #wallst #money #it #politics","bitcoin","advancement","congress","us","unitedstates","gov","government","news","technology","wallst","money","it","politics",,,,,,,,,,,,,,,,,
"Gabe Amo for Congress Yard Sign

You Can Check Here:
https://www.usatrendyshirt.com/gabe-amo-for-congress-yard-sign

#GabeAmo #Congress #Rhode #RhodeIsland 
#election #vote #politics #trump #usa #news #biden #elections 
#democrat #america #donaldtrump #joebiden #democrats #republican #congress #electionday","GabeAmo","Congress","Rhode","RhodeIsland","election","vote","politics","trump","usa","news","biden","elections","democrat","america","donaldtrump","joebiden","democrats","republican","congress","electionday",,,,,,,,,,
"बीजेपी नेता स्वतंत्र देव सिंह ने राहुल गाँधी पर बोला हमला : राजशाही मानसिकता वाले राहुल गांधी का अहंकार उन्हें OBC समाज से माफी मांगने से रोक रहा है… ‘नामदार’ होने के कारण उन्हें न्याय व्यवस्था में कोई स्पेशल ट्रीटमेंट नहीं मिलने वाला। #latestnews #Trending #rahulgandi #OBC #HighCourt @swatantrabjp #GujratHighCourt","latestnews","Trending","rahulgandi","OBC","HighCourt","GujratHighCourt",,,,,,,,,,,,,,,,,,,,,,,,
"'हम राजनैतिक लड़ाई और क़ानूनी लड़ाई, दोनों लड़ेंगे' 
- गुजरात हाई कोर्ट के फैसले पर कांग्रेस अध्यक्ष मल्लिकार्जुन खड़गे 

#rahulgandi #GujaratHighCourt #mallikaarjunkhargey #JanganNews","rahulgandi","GujaratHighCourt","mallikaarjunkhargey","JanganNews",,,,,,,,,,,,,,,,,,,,,,,,,,
"Prime Minister Narendra Modi hugs LJP (Ram Vilas) chief Chirag Paswan as he arrives to attend the meeting of the National Democratic Alliance (NDA), in New Delhi.PTI PHOTO/SHAHBAZ KHAN#politics #ljp #news #india #bjp #memes #election #rjd #maga #congress #covid #politicalmemes #nda #vote  #freedom #parliament #government#soniagandhi #Chirag Paswan #love #political #narendramodi #meme #rahulgandhi #instagram #bhfyp","politics","ljp","news","india","bjp","memes","election","rjd","maga","congress","covid","politicalmemes","nda","vote","freedom","parliament","government","soniagandhi","Chirag","love","political","narendramodi","meme","rahulgandhi","instagram","bhfyp",,,,
"जिला #जालोर में राजीव गांधी ग्रामीण एवं शहरी ओलंपिक खेल-2023 का जालोर में मुख्य अतिथि जन अभियोग निराकरण समिति के अध्यक्ष माननीय श्री पुखराज पाराशर जी के कर कमलों द्वारा समारोह का शुभारंभ हुआ। युवाओं, महिलाओं ने उत्साह व जोश के साथ इस खेल महोत्सव में भाग लिया। इस दौरान कार्यक्रम में शामिल हुई और कांग्रेस पदाधिकारीगण, जिला प्रशासन सहित आमजन उपस्थित रहे।
#Jalore #Rajasthan #Congress 
#RajasthanOlympics2023

@incindia @mallikarjunkhargeinc @rahulgandhi @priyankagandhivadra @k.c.venugopal @sukhjinderrandhawaofficial @ashokgehlot.inc @govinddotasra @pparashar60 @qazinizamuddin @mohan.dagar.96 @inc.rajasthan @nettadsouza @rakhi_gautam_pcc @supriyashrinate @alkalamba @amritadhawa @mahilacongress","जालोर","Jalore","Rajasthan","Congress","RajasthanOlympics2023",,,,,,,,,,,,,,,,,,,,,,,,,
"Sh. #rajivgandhi and Smt. #soniagandhi during their visit to #Mizoram. 
.
.
.
#1987

@world_of_congress 

#congress #mahatmagandhi #jawaharlalnehru #indiragandhi #rss #indiragandhi #rajivgandhi #rahulgandhi #bjp #aap #modi #kejriwal #bsp #tmc #nature #news #new #viral #speech #best #priyankagandhi #soniagandhi #worldofcongress #motivation #motivationalquotes","rajivgandhi","soniagandhi","Mizoram.","1987","congress","mahatmagandhi","jawaharlalnehru","indiragandhi","rss","rahulgandhi","bjp","aap","modi","kejriwal","bsp","tmc","nature","news","new","viral","speech","best","priyankagandhi","worldofcongress","motivation","motivationalquotes",,,,
"“Biyah nahi kiye aap. Shaadi kar lena chahiye tha. Abhi bhi samay beeta nahi hai. Shaadi kariye aur hum log baraati chalenge. Ab pakka karna padega. (You should have gotten married. There’s still time. There’s still time though, get married and we will attend the procession),"" said Lalu Prasad Yadav amid laughter.

Gandhi replied to his comments, saying “ab aapne boldia hai toh hojayega"".

#onsamachar #explore #rahulgandi #laluprasad #pm #rimeministerofinfia #indianpolitics #indianpoliticalnews","onsamachar","explore","rahulgandi","laluprasad","pm","rimeministerofinfia","indianpolitics","indianpoliticalnews",,,,,,,,,,,,,,,,,,,,,,
"രാഹുൽ ഗാന്ധിക്ക് മാനനഷ്ടക്കേസിൽ തിരിച്ചടി. മോദി സമുദായത്തെ അപമാനിച്ചെന്ന കേസിൽ കുറ്റക്കാരനെന്ന വിധി സ്റ്റേ ചെയ്യണമെന്ന് ആവശ്യപ്പെട്ട് രാഹുൽ ഗാന്ധി നൽകിയ അപ്പീൽ ഗുജറാത്ത് ഹൈക്കോടതി തള്ളി. രാഹുലിന്റെ അയോഗ്യത തുടരും. രാഹുൽ കുറ്റക്കാരനെന്ന വിധി ഉചിതമാണെന്നും ശിക്ഷാവിധിയിൽ തെറ്റില്ലെന്നും ഇടപെടേണ്ട സാഹചര്യമില്ലെന്നും ഗുജറാത്ത് കോടതി വ്യക്തമാക്കി. ജസ്റ്റിസ് ഹേമന്ദ്ര പ്രചകിന്‍റെ ബഞ്ചാണ് ഹർജിയിൽ വിധി പറഞ്ഞത്.

#rahulgandi #court #defamtioncase","rahulgandi","court","defamtioncase",,,,,,,,,,,,,,,,,,,,,,,,,,,
"Polis said that he will use his powers in Congress to fight against any attempts by the government to enact policies that restrict the growth of bitcoin and its burgeoning startup community, stating:
“If there was an agency that reacted in an irrationally negative way to digital currencies, I would be happy to rally support [in Congress] to restrict their funding.” #bitcoin #advancement #congress #us #unitedstates #gov #government #news #technology #wallst #money #it #politics","bitcoin","advancement","congress","us","unitedstates","gov","government","news","technology","wallst","money","it","politics",,,,,,,,,,,,,,,,,
"അപകീർത്തി കേസിലെ ഗുജറാത്ത് ഹൈക്കോടതി വിധിക്ക് പിന്നാലെ രാഹുൽ ഗാന്ധിയെ പിന്തുണച്ച് സിപിഎം കേന്ദ്രകമ്മിറ്റിയംഗം എളമരം കരീം. രാഹുൽ ഗാന്ധിയുടെ പ്രവർത്തനങ്ങളെ ഭയത്തോടെ കാണുന്ന രാഷ്ട്രീയ ശക്തികൾക്ക് സന്തോഷം നൽകുന്ന വിധിയാണ് ഗുജറാത്ത് ഹൈക്കോടതി പുറപ്പെടുവിച്ചതെന്ന് അദ്ദേഹം കുറ്റപ്പെടുത്തി.

#elamaramkareem #rahulgandi #defmationcase","elamaramkareem","rahulgandi","defmationcase",,,,,,,,,,,,,,,,,,,,,,,,,,,
"Prime Minister Narendra Modi hugs LJP (Ram Vilas) chief Chirag Paswan as he arrives to attend the meeting of the National Democratic Alliance (NDA), in New Delhi.PTI PHOTO/SHAHBAZ KHAN#politics #ljp #news #india #bjp #memes #election #rjd #maga #congress #covid #politicalmemes #nda #vote  #freedom #parliament #government#soniagandhi #Chirag Paswan #love #political #narendramodi #meme #rahulgandhi #instagram #bhfyp","politics","ljp","news","india","bjp","memes","election","rjd","maga","congress","covid","politicalmemes","nda","vote","freedom","parliament","government","soniagandhi","Chirag","love","political","narendramodi","meme","rahulgandhi","instagram","bhfyp",,,,
"#Congress #TNCC #raghulgandhi","Congress","TNCC","raghulgandhi",,,,,,,,,,,,,,,,,,,,,,,,,,,
"Register A Political Party 👇👇

#political 
#politics 
#politicalparty 
#partyregistration 
#politicalpartyregistration 
#politicalpartyregistrationconsultant 
#congres 
#congress 
#bjp 
#bartiyajantaparty 
#congresparty 
#congressparty 
#congresspartyzindabad 
#bsp 
#aap 
#aamaadmiparty 
#aamaadmipartypunjab 
#bahujansamajparty 
#nationalparty 
#indiannatinalcongress 
#aapparty 
#aappartypunjab 
#rahulgandi 
#manoharlalkhattar 
#manoharlalkhttar 
#narendermodi 
#primeminister 
#chiefminister 
#indiannatinallokdal","political","politics","politicalparty","partyregistration","politicalpartyregistration","politicalpartyregistrationconsultant","congres","congress","bjp","bartiyajantaparty","congresparty","congressparty","congresspartyzindabad","bsp","aap","aamaadmiparty","aamaadmipartypunjab","bahujansamajparty","nationalparty","indiannatinalcongress","aapparty","aappartypunjab","rahulgandi","manoharlalkhattar","manoharlalkhttar","narendermodi","primeminister","chiefminister","indiannatinallokdal",
"കാലപ കലുഷിതമായ മണിപ്പൂരിലേക്ക് യാത്ര തിരിച്ച രാഹുൽ ഗാന്ധിയെ വിമർശിച്ച് ബിജെപി. രാഹുല്‍ സമാധാനത്തിന്‍റെ മിശിഹയല്ലെന്നും രാഷ്ട്രീയ അവസരവാദിയെന്ന് ബിജെപി കുറ്റപ്പെടുത്തി. ജനങ്ങളെയോർത്തല്ല, സ്വാര്‍ത്ഥമായ രാഷ്ട്രീയ അജണ്ടയാണ് സന്ദ‌ർശനത്തിന്റെ ലക്ഷ്യമെന്നാണ് വിമർശനം. കോണ്‍ഗ്രസിന്‍റെ കാലത്ത് സംഘർഷം ഉണ്ടായപ്പോള്‍ രാഹുല്‍ സന്ദർശനം നടത്തിയില്ലെന്നും അമിത് മാളവ്യ കുറ്റപ്പെടുത്തി.

#rahulgandi #amithmalaviya #congress","rahulgandi","amithmalaviya","congress",,,,,,,,,,,,,,,,,,,,,,,,,,,
"ఆదిలాబాద్ ప‌ట్ట‌ణంలోని క్యాంప్ కార్యాలయం, ప్రజాసేవా భవన్ సంద‌ర్శ‌కుల‌తో సంద‌డిగా మారింది. కాంగ్రెస్ రాష్ట్ర నాయ‌కులు కంది శ్రీ‌నివాస‌ రెడ్డి గారు త‌న జ‌న్మ‌దినోత్స‌వాన్ని పుర‌స్క‌రించుకుని ప‌ట్ట‌ణంలోని ఖానాపూర్ కాలనీకి చెందిన అసిఫా బేగం ,ఆసియాబేగం ,ప్రభ ,పద్మ ,లక్ష్మి ,సంగీత ,లక్ష్మి ,కేఆర్కే కాల‌నీకి చెందిన మరియమ్ లక్ష్మి త‌దిత‌ర 11 మంది మ‌హిళ‌ల‌కు కుక్కుర్లను త‌న జ‌న్మ‌దిన కానుక‌గా అందించారు.
#Congress #RahulGandhi #Soniya_Gandhi #PriyankaGandhi #RevanthReddy #TelanganaCongress #adilabad","Congress","RahulGandhi","Soniya_Gandhi","PriyankaGandhi","RevanthReddy","TelanganaCongress","adilabad",,,,,,,,,,,,,,,,,,,,,,,
"IN ARRIVO QUEST'ANNO LE DATE UFFICIALI 2023/2024 DEI CONGRESSI AI QUALI PARTICIPEREMO! 

SE VUOI FARNE PARTE CONTATTAMI

🗓CALENDARIO IN AGGIORNAMENTO 

#congress #date #bachata #salsa #salsaybachata #start #cavalcalonda #stepbystep #volontà #passione","congress","date","bachata","salsa","salsaybachata","start","cavalcalonda","stepbystep","volontà","passione",,,,,,,,,,,,,,,,,,,,
"కాంగ్రెస్ రాష్ట్ర నాయకులు కంది శ్రీనివాసరెడ్డి గారి జన్మదినాన్ని పురస్కరించుకొని సేవా దీక్ష చేపట్టారు ఇటీవలి వరదల వల్ల సంభవించిన నష్టం మాజీ మంత్రి సిఆర్ఆర్ హఠాన్మరణం కారణంగా జన్మదిన సంబరాలు వద్దనుకున్నారు. వరద బాధితులకు, పేదలకు నిత్యవసర సరుకులు పంపిణీ చేశారు. ఆదిలాబాద్ పట్టణంలోని భగత్ సింగ్ నగర్ కాలనీ లో పేదలకు నిత్యవసర సరుకులను అందించారు. ఈ కార్యక్రమంలో గీమ్మ సంతోష్,నాగర్కర్ శంకర్, షకీల్,డేరా కృష్ణ రెడ్డి,వసీమ్ రంజాని,కిజర్ పాషా,అబ్దుల్ రషీద్, ఖలీం,మహేందర్ రెడ్డి,కొండూరి రవి,మానే శంకర్,కర్మ,ముఖీమ్,రామ్ రెడ్డి,ప్రవీణ్,దర్శనాల చంటి, పోతారాజు సంతోష్,నాగన్న, పోచ్చన్న, సురేష్, షేక్ షాహిద్,షేక్ అఫ్రోజ్ ఖాన్,షేక్ అన్వార్, షారుఖ్ ఖాన్,సయ్యద్ ఆశ్రఫ్ తదితరులు పాల్గొన్నారు.
#Congress #RahulGandhi #Soniya_Gandhi #PriyankaGandhi #RevanthReddy #TelanganaCongress #adilabad","Congress","RahulGandhi","Soniya_Gandhi","PriyankaGandhi","RevanthReddy","TelanganaCongress","adilabad",,,,,,,,,,,,,,,,,,,,,,,
"పేద‌ల‌కు అండ‌గా కంది శ్రీ‌నివాస‌ రెడ్డి గారు సేవాదీక్ష 
జ‌న్మ‌దిన వేడుక‌ల సంద‌ర్భంగా నిత్యావ‌స‌రాలు పంపిణి,కాంగ్రెస్ రాష్ట్ర నాయ‌కులు కంది శ్రీనివాస‌రెడ్డి గారు త‌న జ‌న్మ‌దినం సంద‌ర్భంగా 
సేవా దీక్ష చేప‌ట్టారు. కేఎస్ఆర్ ఫౌండేషన్ ద్వారా ఇప్ప‌టికే అనేక సామాజిక సేవా కార్య‌క్ర‌మాలు చేప‌డుతూ  ప్ర‌జ‌ల హృద‌యాల‌లో త‌న‌కంటూ సుస్తిర స్థానాన్ని సంపాదించుకున్నారు. ఆప‌త్కాలంలో ఉన్న‌వారికి నేనున్నాంటూ భ‌రోసాను క‌ల్పిస్తూ ఆప‌న్న‌హ‌స్తం అందిస్తున్నారు. త‌న జ‌న్మ‌దిన‌ వేడుక‌ల‌ను పుర‌స్క‌రించుకుని ఎలాంటి ఆడంబ‌రాల‌కు, సంబ‌రాల‌కు పోకుండా సేవాదీక్ష‌కు పూనుకున్నారు. పేద‌లు, అభాగ్యులు, వ‌ర‌ద బాధితుల‌కు నిత్యావ‌స‌రాలు అందించి త‌న ఔదార్యాన్ని చాటుకున్నారు. ఇటీవ‌ల వ‌ర‌ద‌ల న‌ష్టం , కాంగ్రెస్ పార్టీ దిగ్గ‌జ నేత చిల్కూరి రామ‌చంద్రారెడ్డి హ‌ఠాన్మ‌ర‌ణం కార‌ణంగా  కేఎస్ఆర్ జ‌న్మ‌దిన వేడుక‌ల‌కు దూరంగా ఉన్నారు.అనేక కాల‌నీల్లో విస్తృతంగా ప‌ర్య‌టించి పేద‌ల‌కు దాదాపు 17 ల‌క్ష‌ల విలువ చేసే నిత్యావ‌స‌రాలు అందించి అండ‌గా నిలిచారు. నేటి యువ‌త‌కుఆద‌ర్శంగా..భ‌విష్య‌త్తు త‌రాల‌కు ఆశాకిర‌ణంలా నిలిచారు. 
#Congress #RahulGandhi #Soniya_Gandhi #PriyankaGandhi #RevanthReddy #TelanganaCongress #adilabad","Congress","RahulGandhi","Soniya_Gandhi","PriyankaGandhi","RevanthReddy","TelanganaCongress","adilabad",,,,,,,,,,,,,,,,,,,,,,,
"രണ്ട് ദിവസത്തെ സന്ദർശനത്തിനായി രാഹുൽ ഗാന്ധി മണിപ്പൂരിലേക്ക്. കലാപബാധിത മേഖലകളായ ചുരാചന്ദ് പൂര്‍, ഇംഫാല്‍ എന്നിവിടങ്ങളില്‍ രാഹുല്‍ സന്ദര്‍ശിക്കും. കലാപബാധിതരുടെ കുടുംബങ്ങളെയും ജനപ്രതിനിധികളെയും രാഹുൽ ഗാന്ധി കാണും. ദുരിതാശ്വാസ ക്യാമ്പുകളും സന്ദര്‍ശിക്കും.

#manipurvoilence #rahulgandi #thejournalnewsandentertainment","manipurvoilence","rahulgandi","thejournalnewsandentertainment",,,,,,,,,,,,,,,,,,,,,,,,,,,
"కాంగ్రెస్ రాష్ట్ర నాయకులు కంది శ్రీనివాసరెడ్డి గారి జన్మదినాన్ని పురస్కరించుకొని సేవా దీక్ష చేపట్టారు ఇటీవలి వరదల వల్ల సంభవించిన నష్టం మాజీ మంత్రి సిఆర్ఆర్ హఠాన్మరణం కారణంగా జన్మదిన సంబరాలు వద్దనుకున్నారు. వరద బాధితులకు, పేదలకు నిత్యవసర సరుకులు పంపిణీ చేశారు. ఆదిలాబాద్ పట్టణంలోని కుర్షిద్ నగర్ కాలనీ లో పేదలకు నిత్యవసర సరుకులను అందించారు. ఈ కార్యక్రమంలో గీమ్మ సంతోష్,నాగర్కర్ శంకర్, షకీల్,డేరా కృష్ణ రెడ్డి,వసీమ్ రంజాని,మోసిన్ పటేల్,మహేందర్ రెడ్డి,కిజర్ పాషా,కొండూరి రవి,మానే శంకర్,కర్మ,ముఖీమ్,రామ్ రెడ్డి,ప్రవీణ్,దర్శనాల చంటి, పోతారాజు సంతోష్,నాగన్న, పోచ్చన్న, సురేష్, షేక్ షాహిద్,షేక్ అఫ్రోజ్,అసిఫ్ ఖాన్, ఇర్ఫాన్ తదితరులు పాల్గొన్నారు.
#Congress #RahulGandhi #Soniya_Gandhi #PriyankaGandhi #RevanthReddy #TelanganaCongress #adilabad","Congress","RahulGandhi","Soniya_Gandhi","PriyankaGandhi","RevanthReddy","TelanganaCongress","adilabad",,,,,,,,,,,,,,,,,,,,,,,
"@rahulgandhi #rahulgandi #congres #leader #india #democracy","rahulgandi","congres","leader","india","democracy",,,,,,,,,,,,,,,,,,,,,,,,,
"Youth icon 🙃
#rahulgandi 
#congress 
#india 
#modi 
#rahulgandhi 
#rahul 
#comedy","rahulgandi","congress","india","modi","rahulgandhi","rahul","comedy",,,,,,,,,,,,,,,,,,,,,,,
"కాంగ్రెస్ రాష్ట్ర నాయకులు కంది శ్రీనివాసరెడ్డి గారి జన్మదినాన్ని పురస్కరించుకొని సేవా దీక్ష చేపట్టారు ఇటీవలి వరదల వల్ల సంభవించిన నష్టం మాజీ మంత్రి సిఆర్ఆర్ హఠాన్మరణం కారణంగా జన్మదిన సంబరాలు వద్దనుకున్నారు. వరద బాధితులకు, పేదలకు నిత్యవసర సరుకులు పంపిణీ చేశారు. ఆదిలాబాద్ పట్టణంలోని కుర్షిద్ నగర్ కాలనీ లో పేదలకు నిత్యవసర సరుకులను అందించారు. ఈ కార్యక్రమంలో గీమ్మ సంతోష్,నాగర్కర్ శంకర్, షకీల్,డేరా కృష్ణ రెడ్డి,వసీమ్ రంజాని,మోసిన్ పటేల్,మహేందర్ రెడ్డి,కిజర్ పాషా,కొండూరి రవి,మానే శంకర్,కర్మ,ముఖీమ్,రామ్ రెడ్డి,ప్రవీణ్,దర్శనాల చంటి, పోతారాజు సంతోష్,నాగన్న, పోచ్చన్న, సురేష్, షేక్ షాహిద్,షేక్ అఫ్రోజ్,అసిఫ్ ఖాన్, ఇర్ఫాన్ తదితరులు పాల్గొన్నారు.
#Congress #RahulGandhi #Soniya_Gandhi #PriyankaGandhi #RevanthReddy #TelanganaCongress #adilabad","Congress","RahulGandhi","Soniya_Gandhi","PriyankaGandhi","RevanthReddy","TelanganaCongress","adilabad",,,,,,,,,,,,,,,,,,,,,,,
"#uae honured modiji with #orderofzayed

#pmmodiji  conferred with #egypt  highest award #orderofthenile 
.
.
 
 
.
.
.
.
.
.
.
.
.
.
.

#pmmodiji #upscmemes  #upscadda #upscmcqs #upsc2023 #upscmains #pmodi #pmmodifans #egyptindia #india #internationalrelations #upscir #upscinternationalrelations #telugumemes #news #jaishankar #ministryofexternalaffairs #modifans #bjp #bjppyouth #rahulgandi #congress #indianpolitics","uae","orderofzayed","pmmodiji","egypt","orderofthenile","upscmemes","upscadda","upscmcqs","upsc2023","upscmains","pmodi","pmmodifans","egyptindia","india","internationalrelations","upscir","upscinternationalrelations","telugumemes","news","jaishankar","ministryofexternalaffairs","modifans","bjp","bjppyouth","rahulgandi","congress","indianpolitics",,,
"కాంగ్రెస్ రాష్ట్ర నాయకులు కంది శ్రీనివాసరెడ్డి గారి జన్మదినాన్ని పురస్కరించుకొని సేవా దీక్ష చేపట్టారు ఇటీవలి వరదల వల్ల సంభవించిన నష్టం మాజీ మంత్రి సిఆర్ఆర్ హఠాన్మరణం కారణంగా జన్మదిన సంబరాలు వద్దనుకున్నారు. వరద బాధితులకు, పేదలకు నిత్యవసర సరుకులు పంపిణీ చేశారు. ఆదిలాబాద్ పట్టణంలోని కె.ఆర్.కె కాలనీ లో పేదలకు నిత్యవసర సరుకులను అందించారు. ఈ కార్యక్రమంలో గీమ్మ సంతోష్,నాగర్కర్ శంకర్, షకీల్,డేరా కృష్ణ రెడ్డి,వసీమ్ రంజాని,కాక్డే నాందేవ్,మహబూబ్,ఖలీం, మహేందర్ రెడ్డి ,కొండూరి రవి,మానే శంకర్,కర్మ,ముఖీమ్,రామ్ రెడ్డి,ప్రవీణ్,దర్శనాల చంటి,కిష్టా రెడ్డి,పుండ్రు రవి కిరణ్ రెడ్డి, సంతోష్ రెడ్డి,గడ్డం రామ్ రెడ్డి, బండి కిష్టాన్న,గడ్డం నిఖిల్ రెడ్డి, సంజీవ్,చిత్రు,పోతారాజు సంతోష్,నాగన్న, పోచ్చన్న, సురేష్, షేక్ షాహిద్, తదితరులు పాల్గొన్నారు.
#Congress #RahulGandhi #Soniya_Gandhi #PriyankaGandhi #RevanthReddy #TelanganaCongress #adilabad","Congress","RahulGandhi","Soniya_Gandhi","PriyankaGandhi","RevanthReddy","TelanganaCongress","adilabad",,,,,,,,,,,,,,,,,,,,,,,
"With Chandigarh Congress

@manoj_lubana 
@sonia_jaiswal544 
@hslucky27 
@rahulgandhi 
@incindia 
@priyankagandhivadra 

#congres #chandigarh #rahulgandi #inc #poltician #india","congres","chandigarh","rahulgandi","inc","poltician","india",,,,,,,,,,,,,,,,,,,,,,,,
"इस परिवार ने पूरे देश को टुकड़ों में बांटा, लुटा, नोचा, बरबाद कर डाला और आज भी देशद्रोही, दोगले, धोखेबाज, बेईमान, घोटालेबाज, जासूस परिवार वाले भारत को जड़ से उखारना चाहते हैं।

#gandhi #nehru #jawaharlalnehru #indiragandhi #indirafirozgandhi #rajivgandhi #soniyagandhi #sanjaygandhi #rahulgandhi #pappu #priyankawadra #priyankagandhi #inc #congress #traitor #bjp #bjpindia #modi #narendramodi #yogi #yogiadityanath #hemantabiswasarma #hindu #bajrangdal #rss #vishwahinduparishad #bharat","gandhi","nehru","jawaharlalnehru","indiragandhi","indirafirozgandhi","rajivgandhi","soniyagandhi","sanjaygandhi","rahulgandhi","pappu","priyankawadra","priyankagandhi","inc","congress","traitor","bjp","bjpindia","modi","narendramodi","yogi","yogiadityanath","hemantabiswasarma","hindu","bajrangdal","rss","vishwahinduparishad","bharat",,,
"#admin 

@hubballi_dharwad_memes_ #rahulgandimeme #rahul #modi #hindu #bjp4india #bjpkarnataka #girls #girl #pappalove #lovepappa #memes #trolls #girlslove #deeplove #preeti #hudga #boys #men #menwillbemen
#hubballi #dharwad #hubballidharwad #memes #tata #byebye #katama #tatabyebye #rahulgandi","admin","rahulgandimeme","rahul","modi","hindu","bjp4india","bjpkarnataka","girls","girl","pappalove","lovepappa","memes","trolls","girlslove","deeplove","preeti","hudga","boys","men","menwillbemen","hubballi","dharwad","hubballidharwad","tata","byebye","katama","tatabyebye","rahulgandi",,
"राहुल गांधी 
सदन मे जरुरी हैं 
#rahulgandhi #congress #rajiyabanowrestler #sameeer17","rahulgandhi","congress","rajiyabanowrestler","sameeer17",,,,,,,,,,,,,,,,,,,,,,,,,,
"#rahulgandi #congress #narendramodi #kerala #rahulgandhifans #rahulgandhifunny #priyankagandhi #news #narendramodifans #narendramoditeam #up #yogiadityanath #bharat #motivation #namonamosong #indianpolitics #shafiparambil #keralapolitics #sosiyc #indianpolitician #vtbalram #udf #kozhikoden #vdsatheeshan #tamilnadu #ksudhakaran #election #lokshabha #2024","rahulgandi","congress","narendramodi","kerala","rahulgandhifans","rahulgandhifunny","priyankagandhi","news","narendramodifans","narendramoditeam","up","yogiadityanath","bharat","motivation","namonamosong","indianpolitics","shafiparambil","keralapolitics","sosiyc","indianpolitician","vtbalram","udf","kozhikoden","vdsatheeshan","tamilnadu","ksudhakaran","election","lokshabha","2024",
"மணிப்பூர் வன்முறை தொடர்பாக பிரதமர் நாட்டில் இல்லாத போது அனைத்துக்கட்சி கூட்டமா?: ராகுல் காந்தி கேள்வி #Metropeople #News #NewsUpdates #Todaynews #India #Manipur #ManipurBurning #Modi #Rahulgandi","Metropeople","News","NewsUpdates","Todaynews","India","Manipur","ManipurBurning","Modi","Rahulgandi",,,,,,,,,,,,,,,,,,,,,
"ന്യൂഡല്‍ഹി: 2024ലെ ലോക്സഭാ തെരഞ്ഞെടുപ്പിന് മുന്നോടിയായി നടന്ന പ്രതിപക്ഷ പാർട്ടികളുടെ ആദ്യ യോഗം പട്‌നയിൽ സമാപിച്ചു. ബിജെപിയെ അധികാരത്തിൽ നിന്ന് താഴെയിറക്കാൻ ഒറ്റക്കെട്ടായി മുന്നോട്ട് നീങ്ങുമെന്ന് പ്രഖ്യാപിച്ചാണ് യോഗം സമാപിച്ചത്. ഒന്നിച്ചുനിൽക്കാൻ സമവായത്തിന് തയ്യാറാകണമെന്ന് രാഹുൽ ഗാന്ധി പറഞ്ഞു. ബിജെപി ആക്രമിക്കുന്നത് രാജ്യത്തിന്റെ അടിസ്ഥാന തത്വങ്ങളെയാണ്. അഭിപ്രായ വ്യത്യാസങ്ങൾ മാറ്റിവെച്ച് ഒന്നിച്ചുപോരാടുമെന്നും അദ്ദേഹം കൂട്ടിച്ചേർത്തു.

ബിജെപി എന്ത് രാഷ്ട്രീയനിലപാട് സ്വീകരിച്ചാലും പ്രതിപക്ഷം ഒറ്റകെട്ടായി നിൽക്കുമെന്ന് പശ്ചിമബംഗാള്‍ മുഖ്യമന്ത്രി മമതാ ബാനർജി പറഞ്ഞു. അന്വേഷണ ഏജൻസികളെ കേന്ദ്രം ദുരുപയോഗം ചെയ്യുന്നു. ബിഹാർ, ചരിത്രം തിരുത്തിയ സ്ഥലമാണെന്നും മമത ഓർമ്മിപ്പിച്ചു.

ഒന്നിച്ചിരിക്കാൻ അവസരമൊരുക്കിയ ബിഹാർ മുഖ്യമന്ത്രി നിതീഷ് കുമാറിന് കോൺഗ്രസ് അധ്യക്ഷൻ മല്ലികാർജുൻ ഖാർഗെ നന്ദി പറഞ്ഞു. ഇന്നുണ്ടായത് ഗുണാത്മക ചർച്ചകളെന്ന് നിതീഷ്‌കുമാറും കൂട്ടിച്ചേർത്തു. മുഖ്യമന്ത്രി നിതീഷ് കുമാറിന്റെ വസതിയിലായിരുന്നു യോഗം. പ്രതിപക്ഷ പാർട്ടികളുടെ അടുത്തയോഗം ഷിംലയിൽ ജൂലൈ രണ്ടാം വാരം സംഘടിപ്പിക്കും.

#Patna #Oppositionmeeting #mamathabanarjee #rahulgandi","Patna","Oppositionmeeting","mamathabanarjee","rahulgandi",,,,,,,,,,,,,,,,,,,,,,,,,,
"#congress","congress",,,,,,,,,,,,,,,,,,,,,,,,,,,,,
"Baat to sahi hai 😂😂😂
.
.
.
.
.
.
.
.

#modimeme #modijokes #modimemes #modijimemes #bjpsupporter #modisupporter #andhbhakt #bhakt #modibhakt #andhbhakti #hindutva #uttarpradesh #yogimemes #amitshahmemes #akhileshyadav #rahulgandhi #congress #kejriwal #delhi #godimedia #media #hindu #muslim","modimeme","modijokes","modimemes","modijimemes","bjpsupporter","modisupporter","andhbhakt","bhakt","modibhakt","andhbhakti","hindutva","uttarpradesh","yogimemes","amitshahmemes","akhileshyadav","rahulgandhi","congress","kejriwal","delhi","godimedia","media","hindu","muslim",,,,,,,
"ನಾವು ತೆಲಂಗಾಣ, ಮಧ್ಯಪ್ರದೇಶ, ಛತ್ತೀಸ್‌ಗಢ ಹಾಗೂ ರಾಜಸ್ಥಾನದಲ್ಲಿ ಗೆಲ್ಲುತ್ತೇವೆ. ಆ ನಂತರ ಬಿಜೆಪಿ ಎಲ್ಲಿಯೂ ಕಾಣಿಸುವುದಿಲ್ಲ.. 
-ರಾಹುಲ್‌ ಗಾಂಧಿ
More Details:
https://kannada.oneindia.com/news/india/we-you-win-bihar-we-can-win-the-country-mallikarjun-kharge-299079.html

#rahulgandi #Congress #bjp #india","rahulgandi","Congress","bjp","india",,,,,,,,,,,,,,,,,,,,,,,,,,
"#government #congress #taxes #democracy #politics #republic Why Does Government Need to be Funded? The most powerful message in the history of political-economic thought. Revolutionary, in the most wholesome way possible. Totally solving the heretofore insoluble problem of DISTRIBUTIVE JUSTICE—in an utterly sustainable manner—while making the value of our currency MORE reliably sound. What we’re doing now, accruing debt towards infinity, with no resolution whatever even being imagined, WILL lead to collapse in some form. Time for a (financial) revolution—ELIMINATING the very notion and IDEA of taxation—at all levels: federal, state, local, on income, property, sales, etc. Just TRY to IMAGINE owning a home free and clear—no PROPERTY TAXES, and allowing for tertiary education up to all graduate levels free from tuition, and therefore STUDENT DEBT (at public institutions). Our CONCEPT of money has failed to evolve. And the geopolitical implications of this are STAGGERING to contemplate. whyfundgov.com
Also, exotic world travel is among my passions, so I’m attaching some of my photos from that travel—hope you don’t mind. 😉","government","congress","taxes","democracy","politics","republic",,,,,,,,,,,,,,,,,,,,,,,,
"#congress #rahulgandhi #followers @revanth_anna_sainyam_ @rahulgandhi #following","congress","rahulgandhi","followers","following",,,,,,,,,,,,,,,,,,,,,,,,,,
"talk of YSRTP's likely merger with Congress, Sharmila greets Rahul
. Em jaruguthundhi bro ts lo... 🥴
. Near to 12k plzz follow ❤🥺
. 
. 
. 
. 
. 
. 
. 
. 
. 
. 
. Follow for more @swag.of.singles 
. 
. 
. 
. 
. 
. 
. 
. #political 
. #politicalmemes 
. #rahulgandi 
. #yssharmila 
. #congress 
. #ysrtp 
. #adminpk
. #swagofsingles","political","politicalmemes","rahulgandi","yssharmila","congress","ysrtp","adminpk","swagofsingles",,,,,,,,,,,,,,,,,,,,,,
"#Rahulgandi Congress party
Best add #pic #Armankhan","Rahulgandi","pic","Armankhan",,,,,,,,,,,,,,,,,,,,,,,,,,,
"Dhirendra Shastri's court has been decorated in Madhya Pradesh. Kamalnath and Nakulnath reached Baba Bageshwar's court and performed Baba's Aarti on stage. Former CM Kamalnath said about Dhirendra Shastri, ""India's greatest power is spiritual power, and Maharaj ji is a symbol of this spiritual power. And the people sitting here are protectors of this power.

#hkurdudaily #DhirendraShastri #BageshwarBaba #BageshwarDham #MadhyaPradesh #Chhindwara #Kamalnath #Congress #latestnews #BreakingNews #TrendingNews #todaynews #latestupdates #trending #todayupdate #highlights #News #highlight #india","hkurdudaily","DhirendraShastri","BageshwarBaba","BageshwarDham","MadhyaPradesh","Chhindwara","Kamalnath","Congress","latestnews","BreakingNews","TrendingNews","todaynews","latestupdates","trending","todayupdate","highlights","News","highlight","india",,,,,,,,,,,
"#sachinpilot #congress #rajasthanvidhansabha #thanagazi #alwar #politics #indiaalliance #","sachinpilot","congress","rajasthanvidhansabha","thanagazi","alwar","politics","indiaalliance",,,,,,,,,,,,,,,,,,,,,,,
"Rahul Gandhi went to the US late last month where he addressed the Indian diaspora and held discussions with venture capitalists and tech executives.

The Bharatiya Janata Party (BJP) on Tuesday targeted Rahul Gandhi for his alleged mysterious abroad trips after reports suggested that the former Congress chief would be returning to India late in the evening following his recent visit to the United States. Rahul Gandhi went to the US late last month for a six-day visit during which he interacted with the Indian diaspora, venture capitalists, tech executives and students.

Gandhi is scheduled to return to India late evening, reported ANI citing sources in the Congress party, almost 21 days after he arrived in the US.

“Why does Rahul Gandhi spend so much time abroad, especially with a large part of his trips being shrouded in mystery?” BJP IT cell head Amit Malviya said in a tweet.

He added, “Several reports on his clandestine meetings with foreign agencies and groups inimical to India’s interest raise further questions on the purpose of these visits…”

Rahul Gandhi is returning to India ahead of a key Opposition meeting in Patna on June 23, in which leaders from different non-BJP political parties will participate. Congress president Mallikarjun Kharge and Gandhi are all set to attend the meeting convened by chief minister Nitish Kumar as a part of his efforts to forge a united Opposition ahead of the crucial 2024 Lok Sabha elections.

#delhi #rahulgandi #bjp #us #india #news #instanews #featureme #politicalnews #instapost #newsportal #newsreporttoday","delhi","rahulgandi","bjp","us","india","news","instanews","featureme","politicalnews","instapost","newsportal","newsreporttoday",,,,,,,,,,,,,,,,,,
"In the viral video, Sherlyn was questioned about her interest in getting married to Rahul Gandhi. Responding to which she says yes why not. Next to this, Sherlyn also puts a condition for marriage and says that she would like her to remain her surname as Chopra after marriage.

Head to our IG story section to know more.

.
.
..
.

#rahulgandhi #sherlynchopra #congress #pragnews","rahulgandhi","sherlynchopra","congress","pragnews",,,,,,,,,,,,,,,,,,,,,,,,,,
"#rahulgandhi #congress #india #bharat #love","rahulgandhi","congress","india","bharat","love",,,,,,,,,,,,,,,,,,,,,,,,,
"तूफ़ान भी थमेगा, ये अंधेरा भी छटेगा,
और फिर देखना क्षितिज पर एक सूर्य भी सजेगा!

Indian National Congress  के पूर्व अध्यक्ष और हमारे प्रिय नेता श्री Rahul Gandhi  जी को जन्मदिन की हार्दिक बधाई। ईश्वर से आपकी दीर्घायु एवं उत्तम स्वास्थ्य की कामना करता हूं। 

#HappyBirthdayRahulGandhi
  टीम दीपेंद्र सिंह हुड्डा
#farmer #farmerlife #wrestling #instagram #team #deependersinghooda #bhupendersinghooda #rahulgandi #reels#haryana #india","HappyBirthdayRahulGandhi","farmer","farmerlife","wrestling","instagram","team","deependersinghooda","bhupendersinghooda","rahulgandi","reels","haryana","india",,,,,,,,,,,,,,,,,,
"• the Supreme Court on Friday stayed Rahul Gandhi’s conviction in a criminal defamation case over his 2019 remarks on the Modi surname.

• Order paves way for his return to LS; bench says had he been sentenced for a day less, would not have been disqualified.
•
•
•
•
•
#rahulgandhi #inc #congress #modi #bjp #supremecourt #politics","rahulgandhi","inc","congress","modi","bjp","supremecourt","politics",,,,,,,,,,,,,,,,,,,,,,,
"Live cases 📌

Proposal: POEM
Operator: Dr. #LeeSwanström

Moderators:
▶️ #DrThierryPonchon
▶️ #DrRastislavKunda 

#Congress #EndoscopyLive #IECED #Pentax #August #Course #Online #Live #Endoscopy #medicine #medicina #fellows","LeeSwanström","DrThierryPonchon","DrRastislavKunda","Congress","EndoscopyLive","IECED","Pentax","August","Course","Online","Live","Endoscopy","medicine","medicina","fellows",,,,,,,,,,,,,,,
"Happy birthday to you 
. 
. 
@rahulgandhi #happybirthday #rahulgandi #congress #happyday #teamcongress #congresso #revanthreddy #soniyagandhi #priyankagandhi #indragandhi #viral #viralpost #viralpost #likeforlikes #instalike #instapost #instagram #instamood #viralpage #mraslam_14 #polictics #delhi #hyderabad #up #mahrastra #karnataka","happybirthday","rahulgandi","congress","happyday","teamcongress","congresso","revanthreddy","soniyagandhi","priyankagandhi","indragandhi","viral","viralpost","likeforlikes","instalike","instapost","instagram","instamood","viralpage","mraslam_14","polictics","delhi","hyderabad","up","mahrastra","karnataka",,,,,
"हरियाणा की नूंह हिंसा में अब पाकिस्तानी कनेक्शन सामने आया है। हरियाणा पुलिस की जांच में पाकिस्तानी यू-ट्यूबर जीशान मुश्ताक के बारे में पता चला है। उसने भड़काऊ वीडियो पोस्ट किए।

पुलिस सूत्रों ने बताया कि यू-ट्यूबर ने अहसान मेवाती पाकिस्तानी के नाम से सोशल मीडिया अकाउंट बना रखा था। यूजर ने अपनी लोकेशन राजस्थान का अलवर बताई थी, हालांकि हकीकत में वह पाकिस्तान के इस्लामाबाद और लाहौर से वीडियो पोस्ट कर रहा था।

जीशान ने पाकिस्तान एजुकेशन एंड रिसर्च नेटवर्क (PERN) के जरिए वीडियो अपलोड किए। इस सेंट्रलाइज्ड नेटवर्क से पाकिस्तान के एजुकेशनल इंस्टीट्यूशंस को इंटरनेट दिया जाता है। यह पाकिस्तान सरकार का ही हिस्सा है।

जीशान ने मोनू मानेसर को मारने और नूंह में हिंसा के लिए उकसाया था। जिस दिन हिंसा जारी थी, उसी दिन आगजनी-तोड़फोड़ के फुटेज भी जारी कर रहा था। पुलिस को शक है कि जीशान का नूंह में मजबूत नेटवर्क है। पुलिस ने अब तक की जांच के आधार पर केस दर्ज करने की तैयारी कर ली है।
#virals #hindipost #viralpost #news #woonews #HaryanaNews #NuhViolence #nuh #Modi #RahulGandhi #Congress #bjpgovernment","virals","hindipost","viralpost","news","woonews","HaryanaNews","NuhViolence","nuh","Modi","RahulGandhi","Congress","bjpgovernment",,,,,,,,,,,,,,,,,,
"Happy Birthday @rahulgandhi ji! Joining you in the #KanyakumariToKashmir Yatra, even for a brief moment, was an empowering experience. Your dedication to our nation is an inspiration. I pledge to stand by your side till my last breath. #happybirthdayrahulgandhi #jaihind 🇮🇳🙌 #rahulgandhi #congress #jaicongress #nsui #rahulgandi #vidurchaula #vidurchaulaanna #vairal #post #explorepage #explore","KanyakumariToKashmir","happybirthdayrahulgandhi","jaihind","rahulgandhi","congress","jaicongress","nsui","rahulgandi","vidurchaula","vidurchaulaanna","vairal","post","explorepage","explore",,,,,,,,,,,,,,,,
"Modi govt ‘ruining’ PSUs: Mallikarjun Kharge

#kalburgi #mallikarjunkharge #congress #priyankagandhi #karnataka #dkshivakumar #gulbarga #memes #priyank #boss #king #of #kharger #mallikarjunkhargeji #rahulgandi #kharge #dkshivkumar #khargeforkalaburgi #gulbargadiaries #jaibheem #leader #bjp #cm #apnagulbarga #pmoindia #jaibhim #modi #rlr #ambedkar #kolar","kalburgi","mallikarjunkharge","congress","priyankagandhi","karnataka","dkshivakumar","gulbarga","memes","priyank","boss","king","of","kharger","mallikarjunkhargeji","rahulgandi","kharge","dkshivkumar","khargeforkalaburgi","gulbargadiaries","jaibheem","leader","bjp","cm","apnagulbarga","pmoindia","jaibhim","modi","rlr","ambedkar","kolar"
"भारतीय राजनीति में सच्चाई और अच्छाई के प्रतीक कांग्रेस नेता, भारतीय राष्ट्रीय कांग्रेस के पूर्व अध्यक्ष आदरणीय श्री राहुल गांधी जी को जन्मदिन की अनंत, अशेष और अविरल मंगलकामनाएँ।
-
श्री राहुल गांधी जी का जनता के हक़ और अधिकारों के लिये जारी संघर्ष एक दिन प्रेम और भाईचारे के साथ जगमगाते भारत के निर्माण का संकल्प अवश्य पूरा करेगा।
Rahul Gandhi 
-
-
-
#AshokArora #congress #inc #kurukshetra #congressharyana #RahulGandi #happybirthday","AshokArora","congress","inc","kurukshetra","congressharyana","RahulGandi","happybirthday",,,,,,,,,,,,,,,,,,,,,,,
"Happy birthday to you 
. 
. 
@rahulgandhi #happybirthday #rahulgandi #polictics #brs #bjp #congress #congressparty #congresso #viralpost #viralpost #instapost #birthday #happybirthday #love #party #cake #birthdaycake #birthdayboy #wedding #birthdayparty #happy  #gift #instagood #celebration #family #photography #birthdayboy #cakes #balloons #babyshower #instagram","happybirthday","rahulgandi","polictics","brs","bjp","congress","congressparty","congresso","viralpost","instapost","birthday","love","party","cake","birthdaycake","birthdayboy","wedding","birthdayparty","happy","gift","instagood","celebration","family","photography","cakes","balloons","babyshower","instagram",,
"#rahulgandi #birthday #wishingwell","rahulgandi","birthday","wishingwell",,,,,,,,,,,,,,,,,,,,,,,,,,,
"Upcoming government Congress 🔥 
Jai Congress
Jai Prasad Anna
Jai vikarabad
#congress #vikarabadcongress #jaicongress🇮🇳 #gaddamprasadkumar #telangana #telanganacongress","congress","vikarabadcongress","jaicongress🇮🇳","gaddamprasadkumar","telangana","telanganacongress",,,,,,,,,,,,,,,,,,,,,,,,
"KARNATAKA: RAHUL, SIDDARAMAIAH, DK SHIVAKUMAR RECEIVE SUMMON IN DEFAMATION CASE FILED BY BJP OVER ‘40% CORRUPTION’ CLAIM
#karnataka #Rahulgandi #Siddaramaiah #DKshivakumar #Congress #BJP #Corruption #PMmodi #KarnatakaPolls
https://eflip.in/karnataka-rahul-siddaramaiah-dk-shivakumar-receive-summon-in-defamation-case-filed-by-bjp-over-40-corruption-claim/","karnataka","Rahulgandi","Siddaramaiah","DKshivakumar","Congress","BJP","Corruption","PMmodi","KarnatakaPolls",,,,,,,,,,,,,,,,,,,,,
"पीएसयू को बर्बाद कर रही है मोदी सरकार: मल्लिकार्जुन खड़गे

#kalburgi #mallikarjunkharge #congress #priyankagandhi #karnataka #dkshivakumar #gulbarga #memes #priyank #boss #king #of #kharger #mallikarjunkhargeji #rahulgandi #kharge #dkshivkumar #khargeforkalaburgi #gulbargadiaries #jaibheem #leader #bjp #cm #apnagulbarga #pmoindia #jaibhim #modi #rlr #ambedkar #kolar","kalburgi","mallikarjunkharge","congress","priyankagandhi","karnataka","dkshivakumar","gulbarga","memes","priyank","boss","king","of","kharger","mallikarjunkhargeji","rahulgandi","kharge","dkshivkumar","khargeforkalaburgi","gulbargadiaries","jaibheem","leader","bjp","cm","apnagulbarga","pmoindia","jaibhim","modi","rlr","ambedkar","kolar"
"दिल्ली के आजादपुर जे जे कॉलोनी में एक 8 साल की मासूम दलित बेटी के साथ दुष्कर्म किया गया जिसकी हालत बहुत नाजुक है आज श्री राजेश लिलोथिया जी चेयरमैन AICC SC dept. व श्री संजय नीरज जी, चेयरमैन DPCC SC dept. के आदेशानुसार DPCC SC dept. का एक डेलिगेशन अपनी लीगल टीम के साथ हॉस्पिटल मे उस मासूम बच्ची व उसके परिवार से मिलकर आया तथा उन्हें आश्वासन दिया की कांग्रेस पार्टी उनके परिवार के साथ है तथा उस मासूम बेटी को न्याय दिलाने के लिए कांग्रेस पार्टी हर संभव प्रयास करेगी।। #congress #rahulgandhi #sonuahirwar #sonuahirwar4074 #sonukumarahirwar #dalitcongress #dalitlivesmatter #dalit #rap #delhirap #delhi #india #explore #explorepost","congress","rahulgandhi","sonuahirwar","sonuahirwar4074","sonukumarahirwar","dalitcongress","dalitlivesmatter","dalit","rap","delhirap","delhi","india","explore","explorepost",,,,,,,,,,,,,,,,
"#मध्यप्रदेश #कांग्रेस कमेटी के निर्देशानुसार, जिला कांग्रेस कमेटी #मंदसौर के मार्गदर्शन में, ब्लॉक कांग्रेस कमेटी #सीतामऊ के तत्वाधान में आज #दीपाखेड़ा मंडलम के ग्राम #मामटखेड़ा में #नारी_सम्मान_योजना के फार्म भरे गए। इस अवसर पर सभी ग्राम वासियों ने बढ़-चढ़ कर भाग लिया। साथ ही #माताओं बहनों को अवगत कराया गया कि यदि मध्य प्रदेश में कांग्रेस पार्टी कि #कमलनाथ जी की सरकार बनती है तो माताओं बहनों को प्रतिमाह 15 सो रुपए, गैस सिलेंडर ₹500, 100 यूनिट बिजली फ्री, 200 यूनिट बिजली हाफ, #किसान कर्ज माफी की जायेगी। इस अवसर पर ब्लॉक अध्यक्ष सुरेश पाटीदार, उपाध्यक्ष गजेंद्र सिंह चौहान, मंडलम अध्यक्ष #मंगल_डपकरा, सेक्टर अध्यक्ष डॉ रमेश प्रजापत, जनपद सदस्य प्रतिनिधि चंद्रपाल सिंह बेलारा, महेश चौधरी दीपाखेड़ा, पंकज टेलर दीपाखेड़ा, विक्रम सिंह रायका, बालुसिंह गुर्जर, करूलाल, मुकेश प्रधान, प्रभुलाल सूर्यवंशी, गोपाल सूर्यवंशी, मदन लाल प्रजापत, मांगीलाल व्यास, प्यार सिंह गुर्जर, मदन सिंह आदि कई ग्रामवासी एवं कई माताएं बहने उपस्थित थी।

#mangalporwal #congress #inc #narisamman #kamalnath #rahulgandi 
#politics 
@thekamalnath @digvijayasinghofficial","मध्यप्रदेश","कांग्रेस","मंदसौर","सीतामऊ","दीपाखेड़ा","मामटखेड़ा","नारी_सम्मान_योजना","माताओं","कमलनाथ","किसान","मंगल_डपकरा,","mangalporwal","congress","inc","narisamman","kamalnath","rahulgandi","politics",,,,,,,,,,,,
"ತಿಂಗಳಿಗೆ 1 ಸಾವಿರ ರೂ. ಉಳಿತಾಯ ಆಗ್ತಿದೆ, ಮಕ್ಕಳ ಶಿಕ್ಷಣಕ್ಕೆ ಉಪಯೋಗ ಆಗ್ತಿದೆ..| Gruha Jyothi | Public opinion

► ""ಸಿದ್ದರಾಮಯ್ಯರಂತಹ ಮುಖ್ಯಮಂತ್ರಿಯನ್ನು ಈ ಹಿಂದೆ ರಾಜ್ಯ ನೋಡೇ ಇಲ್ಲ..""
► ""ಬಡವರ, ಹಿಂದುಳಿದವರ ಏಳಿಗೆಯೇ ಸಿದ್ದರಾಮಯ್ಯರ ಸಿದ್ಧಾಂತ ..""
► ""ಬೆಲೆ ಏರಿಕೆಗಳ ಮಧ್ಯೆ ಕರೆಂಟ್ ಬಿಲ್ ನೋಡುವಾಗ ಖುಷಿಯಾಗ್ತಿದೆ..""
► ಗೃಹಜ್ಯೋತಿ ಯೋಜನೆಗೆ ಶೂನ್ಯ ಬಿಲ್‌ ನೀಡುವ ಮೂಲಕ ಚಾಲನೆ : ಬೆಂಗಳೂರಿನ ಜನರ ಪ್ರತಿಕ್ರಿಯೆ

►► ವಾರ್ತಾಭಾರತಿ ಜನನುಡಿ

►► ವಿಡಿಯೋ ವಾರ್ತಾಭಾರತಿ ಯೂಟ್ಯೂಬ್ ಚಾನಲ್ ನಲ್ಲಿ ವೀಕ್ಷಿಸಿ : ಲಿಂಕ್ ಕಮೆಂಟ್ ಬಾಕ್ಸ್ ನಲ್ಲಿ ಇದೆ 

#varthabharati #GruhaJyothi #karnataka #congress #congressguarantee #siddaramaiah","varthabharati","GruhaJyothi","karnataka","congress","congressguarantee","siddaramaiah",,,,,,,,,,,,,,,,,,,,,,,,
"JAI CONGRESS✋
.
.
.#jaicongress🇮🇳 #voteforcongress #congressparty #internationalparty #gadpagadpa #queenofcongress #rahulgandi #instagood #instamemes #poltics 
.
.","jaicongress🇮🇳","voteforcongress","congressparty","internationalparty","gadpagadpa","queenofcongress","rahulgandi","instagood","instamemes","poltics",,,,,,,,,,,,,,,,,,,,
"കോൺഗ്രസ് മുൻ ദേശീയ അധ്യക്ഷൻ രാഹുൽ ഗാന്ധി, കർണാടക മുഖ്യമന്ത്രി സിദ്ധരാമയ്യ, ഉപമുഖ്യമന്ത്രിയും കർണാടക പിസിസി പ്രസിഡന്റുമായ ഡികെ ശിവകുമാർ എന്നിവർക്കെതിരെ ബിജെപിയുടെ അപകീർത്തി കേസ്. കേസിൽ രാഹുലിനും സിദ്ധരാമയ്യയ്ക്കും ഡി കെ ശിവകുമാറിനും സമൻസ് അയച്ചു. കോൺഗ്രസ് പ്രചാരണ ഗാനങ്ങളിലും വീഡിയോകളിലുമുള്ളത് വ്യാജ ആരോപണങ്ങളെന്നാരോപിച്ചാണ് കേസ്. ബെംഗളൂരുവിലെ അഡീഷണൽ ചീഫ് മെട്രോ പൊളിറ്റൻ മജിസ്ട്രേറ്റ് കോടതിയാണ് കേസിൽ മൂന്ന് പേർക്കും സമൻസ് അയച്ചത്. 

#rahulgandi #dkshivakumar #court #bjp #thejournalnewsandentertainment","rahulgandi","dkshivakumar","court","bjp","thejournalnewsandentertainment",,,,,,,,,,,,,,,,,,,,,,,,,
"बिहार बीजेपी के प्रदेश अध्यक्ष सम्राट चौधरी ने राहुल गांधी को लेकर विवादित बयान दिया है. उन्होंने बिहार के अररिया में एक जनसभा को संबोधित करते हुए कहा कि आज कल राहुल गांधी दाढ़ी बढ़ाकर ओसामा बिन लादेन बने हुए हैं. वो समझते हैं कि ओसामा बिन लादेन की तरह दाढ़ी बढ़ाकर मोदी जी की तरह प्रधानमंत्री बन जाएंगे. वहीं उन्होंने नीतीश कुमार की हालत गजनी के आमिर खान जैसी बताई.

#BJP #SamratChoudhary #ControversialStatement  #RahulGandi #PMModi  #PoliticalNews  #ETVBharatHaryana","BJP","SamratChoudhary","ControversialStatement","RahulGandi","PMModi","PoliticalNews","ETVBharatHaryana",,,,,,,,,,,,,,,,,,,,,,,
"""Use of artificial intelligence in colonoscopy""
A talk that connects technology with medicine! 💥
@dr.juan.chirinos shares with us his experience in these procedures from neighboring Peru. 

#Congress #EndoscopyLive #IECED #Pentax #August #Course #Online #Live #Endoscopy #medicine #medicina #Fellows","Congress","EndoscopyLive","IECED","Pentax","August","Course","Online","Live","Endoscopy","medicine","medicina","Fellows",,,,,,,,,,,,,,,,,,
"जोधपुर: जोधपुर में भ्रष्टाचार निरोधक ब्यूरो (ACB) ने कार्रवाई करते हुए अंबिका TT कॉलेज का प्रिंसिपल और अकाउंटेंट को ट्रैप किया है.
ACB ने दोनों को 4 हजार रुपए की रिश्वत लेते दबोचा है. 

प्रिंसिपल संजू सोलंकी और कर्मचारी कपिल ₹4000 की रिश्वत लेते हुए गिरफ्तार किया है. प्रिंसिपल संजू सोलंकी पूर्व पार्षद रह चुकी है. 

एसीबी कॉलेज निदेशक की भूमिका को भी जांच रही है. बायोमेट्रिक उपस्तिथि पूरी करने के एवज में रिश्वत मांगी थी. ACB, ASP ओमप्रकाश चौधरी के निर्देशन में कार्रवाई हुई.

#jodhpur #jaipur #AAP #ashokgehlot #jhunjhunu #jaisalmer #currption #collage #congress","jodhpur","jaipur","AAP","ashokgehlot","jhunjhunu","jaisalmer","currption","collage","congress",,,,,,,,,,,,,,,,,,,,,
"बिहार बीजेपी के प्रदेश अध्यक्ष सम्राट चौधरी ने राहुल गांधी को लेकर विवादित बयान दिया है. उन्होंने बिहार के अररिया में एक जनसभा को संबोधित करते हुए कहा कि आज कल राहुल गांधी दाढ़ी बढ़ाकर ओसामा बिन लादेन बने हुए हैं. वो समझते हैं कि ओसामा बिन लादेन की तरह दाढ़ी बढ़ाकर मोदी जी की तरह प्रधानमंत्री बन जाएंगे. वहीं उन्होंने नीतीश कुमार की हालत गजनी के आमिर खान जैसी बताई.

#BJP #SamratChoudhary #ControversialStatement  #RahulGandi #PMModi  #PoliticalNews  #ETVBharatUttrakhand","BJP","SamratChoudhary","ControversialStatement","RahulGandi","PMModi","PoliticalNews","ETVBharatUttrakhand",,,,,,,,,,,,,,,,,,,,,,,
"बिहार बीजेपी के प्रदेश अध्यक्ष सम्राट चौधरी ने राहुल गांधी को लेकर विवादित बयान दिया है. उन्होंने बिहार के अररिया में एक जनसभा को संबोधित करते हुए कहा कि आज कल राहुल गांधी दाढ़ी बढ़ाकर ओसामा बिन लादेन बने हुए हैं. वो समझते हैं कि ओसामा बिन लादेन की तरह दाढ़ी बढ़ाकर मोदी जी की तरह प्रधानमंत्री बन जाएंगे. वहीं उन्होंने नीतीश कुमार की हालत गजनी के आमिर खान जैसी बताई.

#BJP #SamratChoudhary #ControversialStatement  #RahulGandi #PMModi  #PoliticalNews  #ETVBharatDelhi","BJP","SamratChoudhary","ControversialStatement","RahulGandi","PMModi","PoliticalNews","ETVBharatDelhi",,,,,,,,,,,,,,,,,,,,,,,
"| Zürich, Switzerland | European Federation of Psychiatric Trainees Forum
.
.
.
.
.
.
.
.
.
.
#zurich #switzerland #europe #mentalhealth #makeyourmentalheathapriority #forum #congress  #efpt #instadaily #photooftheday #travelling #globetrotter #travellers #instatravel #traveldiary #travelphotography #instalike #instagood  #makememories #mytinyatlas #globetravel #peaceofmind #summermemories #trending #trendingnow #followme #new #picoftheday #fun","zurich","switzerland","europe","mentalhealth","makeyourmentalheathapriority","forum","congress","efpt","instadaily","photooftheday","travelling","globetrotter","travellers","instatravel","traveldiary","travelphotography","instalike","instagood","makememories","mytinyatlas","globetravel","peaceofmind","summermemories","trending","trendingnow","followme","new","picoftheday","fun",
"Live cases ✅
Proposal: Colonoscopy + Mucosectomy

Operator: @dr.juan.chirinos

Moderators:
▶️ Michel Kahaleh @travel_doc_ 
▶️ Martin Coronel @dr.martincoronelcordero 

#Congress #EndoscopyLive #IECED #Pentax #August #Course #Online #Live #Endoscopy #medicine #medicina #fellows","Congress","EndoscopyLive","IECED","Pentax","August","Course","Online","Live","Endoscopy","medicine","medicina","fellows",,,,,,,,,,,,,,,,,,
"कल आप सभी भक्तो का कावड़ यात्रा में उपस्थिति प्रार्थनीय है। ढाबेश्वर महादेव निंबाहेड़ा से गंगा गाटी
#nsuinimbahera #udailalanjana #congress #rajasthan #nimbahera #chittorgarh","nsuinimbahera","udailalanjana","congress","rajasthan","nimbahera","chittorgarh",,,,,,,,,,,,,,,,,,,,,,,,
"Get ready to countdown! 

Please join us for an EXCITING evening with LIVE music, INSPIRING speeches, DELICIOUS food, and SPECIAL recognitions.

Save the date for my big countdown celebration! We will be preparing for the 2024 election and raising funds for my campaign. Congressman Mike Levin will be there in support of me and the work I'm doing in Vista. Partnering with the Congressman on local/federal issues has allowed us to secure wins for our community like funding for infrastructure and climate action! 

Be part of the winning team! Re-elect Katie Melendez for Vista City Council. RSVP at 760-277-2922. 

#celebrate
#congress #local #community #support","celebrate","congress","local","community","support",,,,,,,,,,,,,,,,,,,,,,,,,
"శ్రీమతి బానోత్ విజయ లక్ష్మి గారి పర్యటన ఇల్లందు నియోజకవర్గం - ఇల్లందు మండలం

#indiannationalcongress #inc #mahilacongress #congress #congresswoman #soniagandhi #mallikarjunkharge #rahulgandhi #priyankagandhi #telangana #telanganacongress #tcongress #congresswoman #congressparty #inctelangana #tcongressleaders  #revanthreddy #revanthsainyamtelangana #revanthreddyanumula #bhattivikramarkamallu #bhatti #bhattivikramarka #manikraothakre #rohitchaudhary #yellandu #yellanducongress #yellanduconstituency #sathishmanne #naveenpettam #banothvijayalaxmi #tekulapally","indiannationalcongress","inc","mahilacongress","congress","congresswoman","soniagandhi","mallikarjunkharge","rahulgandhi","priyankagandhi","telangana","telanganacongress","tcongress","congressparty","inctelangana","tcongressleaders","revanthreddy","revanthsainyamtelangana","revanthreddyanumula","bhattivikramarkamallu","bhatti","bhattivikramarka","manikraothakre","rohitchaudhary","yellandu","yellanducongress","yellanduconstituency","sathishmanne","naveenpettam","banothvijayalaxmi","tekulapally"
"Rahul Gandhi Explain Gruha Lakshmi Yojana | Gruhalakshi Yojana New Update | Free 2000 rs For Women

#mallikarjunakharge #soniyagandhi #karnataka #congress #rahulgandi #kannadagkofficial #rcb #rahulgandi #yuvanidi #congressnews #RahulGandhi
#Speech
#Leadership
#Politics
#India
#Opposition
#Congress
#BJP
#Elections
#Democracy
#YouthPower
#Vision
#FutureOfIndia
#InclusiveIndia
#SocialJustice
#Development
#Progress
#Change
#Empowerment
#inspiration","mallikarjunakharge","soniyagandhi","karnataka","congress","rahulgandi","kannadagkofficial","rcb","yuvanidi","congressnews","RahulGandhi","Speech","Leadership","Politics","India","Opposition","Congress","BJP","Elections","Democracy","YouthPower","Vision","FutureOfIndia","InclusiveIndia","SocialJustice","Development","Progress","Change","Empowerment","inspiration",
"Manish Sisodia leaves from her residence , HC allows Manish Sisodia to meet ailing wife  in New Delhi on Saturday 03, June,2023 photo by Qamar Sibtain #bjp4india #rahulgandi #congressparty #shashitharoor #delhiphotography","bjp4india","rahulgandi","congressparty","shashitharoor","delhiphotography",,,,,,,,,,,,,,,,,,,,,,,,,
"Congress leader Rahul Gandhi, while addressing the Indian diaspora in US' New York, has said that if BJP is asked why the Odisha train crash occurred, it'll ""say...Congress did this 50 years ago"". He added that Congress didn't blame the British when a train accident occurred under its rule, rather the party's Railways Minister at that time, said, ""I'm resigning.""

source: inshort

 #news #newsalert #NewsUpdate #newsupdate #rahulgandi #RahulGandhi #RahulGandhinews #RahulGandhiInUSA #railway #railwaystation #railway #railways #RailwayAccident #railwayaccident #odishatrainaccident #odishatrainaccidentnews #odishatrainacc #bjp #BJPNEWS #bjpindia","news","newsalert","NewsUpdate","newsupdate","rahulgandi","RahulGandhi","RahulGandhinews","RahulGandhiInUSA","railway","railwaystation","railways","RailwayAccident","railwayaccident","odishatrainaccident","odishatrainaccidentnews","odishatrainacc","bjp","BJPNEWS","bjpindia",,,,,,,,,,,
"#narendramodi #owaisi #arvindkejriwal#rahulgandhi #bhopal #soniyagandhi #aamaadmiparty #aap #newdelhi #king #modisarkar #narendramodiji #bjp4india #g20india #amitshah #bjp #yogiadityanath #incredibleindia #instagood #modimission2024 #namo #modipower #newindia #kingofworld #modiji #indiafirst #greatleader #modi #congress #worldleader","narendramodi","owaisi","arvindkejriwal","rahulgandhi","bhopal","soniyagandhi","aamaadmiparty","aap","newdelhi","king","modisarkar","narendramodiji","bjp4india","g20india","amitshah","bjp","yogiadityanath","incredibleindia","instagood","modimission2024","namo","modipower","newindia","kingofworld","modiji","indiafirst","greatleader","modi","congress","worldleader"
"Today @kalumjohnson will be the MC for the congresswoman @repjacksonlee of the 18th Congressional District White Linen Night today at the Heights District Office.  Come Celebrate With Us!

Performances by @2xclusiveperformingarts @itsfina17 @cadencewanza1 @robvmusic and more
With @mixbreed in the mix
#congresswoman #sheliajacksonlee #kalumjohnson #emceekdog #bookkdog #whitelinen #houstonevents #backtoschool #event #congress #emcee #hustletownnetwork","congresswoman","sheliajacksonlee","kalumjohnson","emceekdog","bookkdog","whitelinen","houstonevents","backtoschool","event","congress","emcee","hustletownnetwork",,,,,,,,,,,,,,,,,,
"Without Muslims BJP cannot win!
Propaganda>Development 
.
.
.

#propaganda #lovejihad #fakemovies #thekeralastory #bjp #congress #antimuslim #islamaphobia #kashmirifiles #keralastory #modi #rahulgandi #media #ndtv #loveallah #2024election #india #allah #allahuakbar #islam #peace #fyp #trending","propaganda","lovejihad","fakemovies","thekeralastory","bjp","congress","antimuslim","islamaphobia","kashmirifiles","keralastory","modi","rahulgandi","media","ndtv","loveallah","2024election","india","allah","allahuakbar","islam","peace","fyp","trending",,,,,,,
"జోగులాంబ గద్వాల పట్టణం రాఘవేంద్ర కాలనీలో ఉన్నటువంటి అభయాంజనేయ స్వామి వారి ఆలయ కమిటీ ఆహ్వానం మేరకు కాంగ్రెస్ పార్టీ నాయకురాలు శ్రీమతి సరిత తిరుపతయ్య గారు రాఘవేంద్ర కాలానికి వెళ్లి శ్రీ అభయఆంజనేయ స్వామి వారిని దర్శించుకోవడం జరిగింది. అనంతరం కాలనీ వాసులు సరితమ్మ గారిని శ్యాలువతో సన్మానించారు.అనంతరం కాలనీలో ఉన్నటువంటి చేనేత కార్మికుల దగ్గరకు వెళ్లి వారి సమస్యలను తెలుసుకొని మరియు కాలనీవాసులు పడుతున్నటువంటి ఇబ్బందుల గురించి చర్చించడం జరిగింది.
.
 .
.
.
#sarithammaforgadwal#jogulambagadwal #sarithatirupataiah#revanthreddyanumula #rahulgandhi #telanganacongress #congress #priyankagandhi #telangana","sarithammaforgadwal","jogulambagadwal","sarithatirupataiah","revanthreddyanumula","rahulgandhi","telanganacongress","congress","priyankagandhi","telangana",,,,,,,,,,,,,,,,,,,,,
"#today #todayheadlines #todayupdate ##bihar #rahulgandi #delhidiaries #delhi","today","todayheadlines","todayupdate","#bihar","rahulgandi","delhidiaries","delhi",,,,,,,,,,,,,,,,,,,,,,,
"Tag ಮಾಡ್ರಿ ಗಂಡಸರಿಗಿ 😂😂
#karnataka 
#bus 
#comedy 
#rahulgandi 
#ksrtc","karnataka","bus","comedy","rahulgandi","ksrtc",,,,,,,,,,,,,,,,,,,,,,,,,
"#rahulgandi #deependersinghhooda","rahulgandi","deependersinghhooda",,,,,,,,,,,,,,,,,,,,,,,,,,,,
"దేశంలో కొసంతైనా గర్వం లేని నాయకుడూ ఎవరైనా ఉన్నారా అంటే అది #RahulGandi మాత్రమే..💥🔥","RahulGandi",,,,,,,,,,,,,,,,,,,,,,,,,,,,,
"దేశంలో కొసంతైనా గర్వం లేని నాయకుడూ

ఎవరైనా ఉన్నారా అంటే అది

#RahulGandi మాత్రమే.. 💥🔥","RahulGandi",,,,,,,,,,,,,,,,,,,,,,,,,,,,,
"దేశంలో కొసంతైనా గర్వం లేని నాయకుడూ

ఎవరైనా ఉన్నారా అంటే అది

#RahulGandi మాత్రమే.. 💥🔥","RahulGandi",,,,,,,,,,,,,,,,,,,,,,,,,,,,,
"Embracing Unity in Sports: Celebrating the Inaugural Rajiv Gandhi Shahri Olympic Khel 2023, where athletes from diverse backgrounds come together to ignite the spirit of competition and forge lasting relationships on the grandest stage of urban sports excellence. 

#rajivgandhiolympickhel #sportsunites #nagarpalika #nathdwara #rajasthan #sports #enthusiasm #fitness #spirit #rajivgandhi #olympics #congress #initiative #instagood #instadaily #instalike","rajivgandhiolympickhel","sportsunites","nagarpalika","nathdwara","rajasthan","sports","enthusiasm","fitness","spirit","rajivgandhi","olympics","congress","initiative","instagood","instadaily","instalike",,,,,,,,,,,,,,
"कांग्रेस का हाथ भारत के खिलाफ
#Congress 
#RahulGandi
#CongressKePAAP","Congress","RahulGandi","CongressKePAAP",,,,,,,,,,,,,,,,,,,,,,,,,,,
"తెలంగాణ కారణజన్ముడు
మా @revanthofficial అన్నయ్య ❤
.
.
.
.
#revanthreddy #revanthreddyofficial #revanthreddyanumula #revanthreddy #telanganacongress #aravindrevanthannafan #teamcongresssiddipet #aravindadvocate #futurepsofts #teambaravas #teamrevanthsiddipet #telanganacongress #rahulgandi #cm #siddipet","revanthreddy","revanthreddyofficial","revanthreddyanumula","telanganacongress","aravindrevanthannafan","teamcongresssiddipet","aravindadvocate","futurepsofts","teambaravas","teamrevanthsiddipet","rahulgandi","cm","siddipet",,,,,,,,,,,,,,,,,
"➡️ कांग्रेस पार्टी के पूर्व अध्यक्ष राहुल गाँधी इन दिनों एक देश के दौरे पर हैं. क्या आप जानते हैं की राहुल किस देश के दौरे पर हैं? 

A. अमेरिका 
B. ऑस्ट्रेलिया 
C. श्रीलंका 
D. नेपाल 

सही जवाब के लिए यहीं मिलिए कल सुबह 9 बजे😍

#GNT4You #GNT #Quiz #America #Australia #Srilanka #Nepal #RahulGandi #Trending #Congress #CongressLeader @rahulgandhi","GNT4You","GNT","Quiz","America","Australia","Srilanka","Nepal","RahulGandi","Trending","Congress","CongressLeader",,,,,,,,,,,,,,,,,,,
"आज गांधी पार्क देहरादून में @incuttarakhand द्वारा उत्तराखंड की बेटी #AnkitaBhandari को न्याय दिलाने की मांग, अंकिता भंडारी हत्याकांड में आरोपियों को बचाने एवं #VIP के नाम पर सरकार की चुप्पी को लेकर आयोजित ""एक दिवसीय मौन व्रत"" कार्यक्रम में प्रतिभाग किया।
श्री #KaranMahara जी से एक शब्द के चयन में भूल हुई और उन्होंने मौन व्रत रख कर अपने शब्द चयन की गलती को सुधारा। मगर भाजपा अपनी गलती को कब सुधरेगी? 
#justiceforankitabhandari 
#uttarakhand #BJP4UK #Congress","AnkitaBhandari","VIP","KaranMahara","justiceforankitabhandari","uttarakhand","BJP4UK","Congress",,,,,,,,,,,,,,,,,,,,,,,
"Full details check in bio 👇
.
.
.
Follow 👉@mr_share__ 
Follow 👉@mr_share__ 
Follow 👉@mr_share__ 

Full Details:
* )IN WHAT is being pegged as the biggest such ceremony in the infrastructure space, Prime Minister Narendra Modi will lay the foundation stone of 508 railway station redevelopment projects across India on Sunday (August 6). The PM will address the event through videoconferencing.

Disclaimer ❗❗ : This is only for purely education, We are not SEBI register financialadvisor.
Investments in securities are subject to market risk

Tags:
#mr_share__
#modi #india #bjp #narendramodi #amitshah #congress #hindu #indian #delhi #memes #rahulgandhi #rss #politics #instagram #covid #yogiadityanath #hinduism #indianpolitics #mumbai #news #bhfyp #bjpindia #namo #love #godimedia #hindutva #modiji #indianarmy #meme","mr_share__","modi","india","bjp","narendramodi","amitshah","congress","hindu","indian","delhi","memes","rahulgandhi","rss","politics","instagram","covid","yogiadityanath","hinduism","indianpolitics","mumbai","news","bhfyp","bjpindia","namo","love","godimedia","hindutva","modiji","indianarmy","meme"
"കോഴിക്കോട്: വയനാട് ഉപതെരഞ്ഞെടുപ്പിനൊരുങ്ങി തെരഞ്ഞെടുപ്പ് കമ്മീഷൻ. കോഴിക്കോട് കലക്ടറേറ്റിൽ വോട്ടിങ് മെഷീനുകളുടെ പരിശോധന ആരംഭിച്ചു. രാഷ്ട്രീയപാർട്ടി പ്രതിനിധികളുടെ നേതൃത്വത്തിലാണ് പരിശോധന. രാഹുൽ ഗാന്ധിയെ അയോഗ്യനാക്കിയതിന്റെ പശ്ചാത്തലത്തിലാണ് ഉപതെരഞ്ഞെടുപ്പ്.

എന്നാൽ വയനാട്ടിൽ രാഹുൽഗാന്ധി തുടരുക എന്നതാണ് തങ്ങളുടെയും ജനങ്ങളുടെയും ആവശ്യമെന്ന് ടി സിദ്ധീഖ് എംഎൽഎ പ്രതികരിച്ചു. രാഹുൽഗാന്ധി അല്ലാതെ മറ്റൊരു ഓപ്ഷനെ കുറിച്ച് പാർട്ടി ചിന്തിച്ചിട്ടില്ല. അതുമായി ബന്ധപ്പെട്ട ജുഡീഷ്യൽ നടപടികളുമായി മുന്നോട്ടുപോകും. അതിൽ പ്രതീക്ഷയുണ്ടെന്നും എംഎൽഎ കൂട്ടിച്ചേർത്തു.

2019ൽ കോലാറിൽ നടത്തിയ പ്രസംഗത്തിലെ മോദി പരാമർശത്തിനാണ് രാഹുൽ ഗാന്ധിക്ക് സൂറത്ത് സി.ജെ.എം കോടതി രണ്ടു വർഷം തടവു ശിക്ഷിച്ചത്. ഇതിന്റെ അടിസ്ഥാനത്തിലാണ് ലോക്സഭാ സെക്രട്ടേറിയറ്റ് രാഹുലിനെ അയോഗ്യനാക്കിയത്.

#Wayanad #Byelection #rahulgandi","Wayanad","Byelection","rahulgandi",,,,,,,,,,,,,,,,,,,,,,,,,,,
"कर्नाटक चुनाव में मिली जीत से उत्साहित कांग्रेस ने मध्यप्रदेश में आगामी विधानसभा चुनाव में 150 सीटें मिलने का दावा किया है. कांग्रेस नेता राहुल गांधी ने दिल्ली में मध्यप्रदेश के नेताओं से चर्चा के बाद ये दावा किया. बैठक में कांग्रेस अध्यक्ष मल्लिकार्जुन खड़गे, पूर्व कांग्रेस अध्यक्ष राहुल गांधी, संगठन महासचिव केसी वेणुगोपाल के साथ प्रदेश कांग्रेस अध्यक्ष कमलनाथ भी मौजूद थे.

#RahulGandi #Congress #KarnatakaElection2023 #VidhanSabhaElection #MadhyaPradesh #ETVBharatUttarakhand","RahulGandi","Congress","KarnatakaElection2023","VidhanSabhaElection","MadhyaPradesh","ETVBharatUttarakhand",,,,,,,,,,,,,,,,,,,,,,,,
"𝘼.𝙆 𝘼𝙍𝘼𝙇𝙄 𝙈𝙇𝘾 𝙎𝙄𝙍 𝘽𝙄𝘿𝘼𝙍 
____𝘽𝙊𝙎𝙎 👑🚨

#bidar #politics #mlc #congress #india #bangalore #vidhansabha #likesforlike #instagram #today #news","bidar","politics","mlc","congress","india","bangalore","vidhansabha","likesforlike","instagram","today","news",,,,,,,,,,,,,,,,,,,
"#congress","congress",,,,,,,,,,,,,,,,,,,,,,,,,,,,,
"नफरत के खिलाफ मोहब्बत का योद्धा।🙏❤️

#rahulgandhi #raga #INDIA #india #congress #democracy #sc #supremecourt #bjp #modi #yogi #rss #2023","rahulgandhi","raga","INDIA","india","congress","democracy","sc","supremecourt","bjp","modi","yogi","rss","2023",,,,,,,,,,,,,,,,,
"New Account New Post
#rahulgandhi 
#congress 
#india 
#incindia 
@rahulgandhi","rahulgandhi","congress","india","incindia",,,,,,,,,,,,,,,,,,,,,,,,,,
"कर्नाटक चुनाव में मिली जीत से उत्साहित कांग्रेस ने मध्यप्रदेश में आगामी विधानसभा चुनाव में 150 सीटें मिलने का दावा किया है. कांग्रेस नेता राहुल गांधी ने दिल्ली में मध्यप्रदेश के नेताओं से चर्चा के बाद ये दावा किया. बैठक में कांग्रेस अध्यक्ष मल्लिकार्जुन खड़गे, पूर्व कांग्रेस अध्यक्ष राहुल गांधी, संगठन महासचिव केसी वेणुगोपाल के साथ प्रदेश कांग्रेस अध्यक्ष कमलनाथ भी मौजूद थे.

#RahulGandi #Congress #KarnatakaElection2023 #VidhanSabhaElection #MadhyaPradesh #ETVBharatUttarPradesh","RahulGandi","Congress","KarnatakaElection2023","VidhanSabhaElection","MadhyaPradesh","ETVBharatUttarPradesh",,,,,,,,,,,,,,,,,,,,,,,,
"#aajnoyug #news #Rahulgandi #highcourt #gujarat","aajnoyug","news","Rahulgandi","highcourt","gujarat",,,,,,,,,,,,,,,,,,,,,,,,,
"🛑🏛#கர்நாடகாவில் 200 யூனிட் இலவச மின்சார திட்டம் தொடக்கம்!

#karaikal #karaikalnews #karnataka #freeelectricity #congress #ko_congress #ko_karnataka #karaikal_online #puducherry #karaikal_online_news #puducherrynews #tamilnadu #tamilnews #tamilonlinenews #newsupdate #flashnews #breakingnews","கர்நாடகாவில்","karaikal","karaikalnews","karnataka","freeelectricity","congress","ko_congress","ko_karnataka","karaikal_online","puducherry","karaikal_online_news","puducherrynews","tamilnadu","tamilnews","tamilonlinenews","newsupdate","flashnews","breakingnews",,,,,,,,,,,,
"The private member’s bill, introduced by Congress MP Jasbir Singh Gill in January 2020, was on Friday taken up for discussion in the Lok Sabha 
in which it seeks to put a limit on the number of guests to be invited and dishes to be served at the weddings apart from putting a cap on the amount to be spent on gifts to the newly-weds to check “wasteful expenditure
The Prevention of Wasteful Expenditure on Special Occasions Bill 2020 also seeks that instead of extravagant gifts, donations should be made to the poor, needy, orphans or weaker sections of the society or to the non-governmental organizations working for the charity.

Source - Indian Express

#kiddaan #wedding #congress","kiddaan","wedding","congress",,,,,,,,,,,,,,,,,,,,,,,,,,,
"5th August Special 🚩
#narendramodi #owaisi #arvindkejriwal#rahulgandhi #bhopal #soniyagandhi #aamaadmiparty #aap #newdelhi #king #modisarkar #narendramodiji #bjp4india #g20india #amitshah #bjp #yogiadityanath #incredibleindia #instagood #modimission2024 #namo #modipower #newindia #kingofworld #modiji #indiafirst #greatleader #modi #congress #worldleader","narendramodi","owaisi","arvindkejriwal","rahulgandhi","bhopal","soniyagandhi","aamaadmiparty","aap","newdelhi","king","modisarkar","narendramodiji","bjp4india","g20india","amitshah","bjp","yogiadityanath","incredibleindia","instagood","modimission2024","namo","modipower","newindia","kingofworld","modiji","indiafirst","greatleader","modi","congress","worldleader"
"With Sasikanth Senthil Sir IAS✨
And G.V.Naveen Kumar Anna ⚡
In The State Executive Meeting
.
.
.
#congress #tamilnadu #kerala #goa #pondicherry #karanataka #maharashtra #andhrapradesh #telangana #coimbatore #madurai #pollachi #inc #indianationalcongress #tamilnaducongress #politics #like #likeforlikes #followforfollowback #instagram #places #india","congress","tamilnadu","kerala","goa","pondicherry","karanataka","maharashtra","andhrapradesh","telangana","coimbatore","madurai","pollachi","inc","indianationalcongress","tamilnaducongress","politics","like","likeforlikes","followforfollowback","instagram","places","india",,,,,,,,
"యువత పెద్ద సంఖ్యలో క్విజ్ కాంపిటీషన్లో పాల్గొనండి బహుమతులు పొందండి....
@poojalaharikrishna_official ❤
.
.
.
.
#hyderabadyouthdeclaration #revanthreddyanumula #revanthreddy #congress #teamrevanthsiddipet #telanganacongress #teambaravas #alwayswithphk #poojalaharikrisha #siddipet #hyderabad #rahulgandi","hyderabadyouthdeclaration","revanthreddyanumula","revanthreddy","congress","teamrevanthsiddipet","telanganacongress","teambaravas","alwayswithphk","poojalaharikrisha","siddipet","hyderabad","rahulgandi",,,,,,,,,,,,,,,,,,
"Jay Anderson of Project Unity (@Official_ProjectUnity) on X: 

""The first rule of IRAD is you don't talk about IRAD, the second rule of IRAD is you do not talk about IRAD. 

A retired USN IC buddy of mine almost fell out of his chair when David Grusch, under oath, talked about IRAD."" 

""Independent Research & Development (IRAD) is a black money slush fund worth trillions of dollars and the money collected is put into R&D streams for contractors, it's an open secret within the IC that IRAD misuses / misappropriate's its funding"" 

R&D = Research & Development
IC = Intelligence Community
USN = United States Navy 

Project Unity on X:
x.com/TheProjectUnity 

Project Unity on Youtube:
youtube.com/ProjectUnity",,,,,,,,,,,,,,,,,,,,,,,,,,,,,,
"ದೆಹಲಿಯಿಂದ ಚಂಡೀಗಢದವರೆಗೆ ಟ್ರಕ್ ನಲ್ಲಿ ಪ್ರಯಾಣಿಸಿ ಚಾಲಕರ ಸಮಸ್ಯೆ ಕೇಳಿದ ರಾಹುಲ್ ಗಾಂಧಿ... 

#rahulgandi #truckdriver #delhi #chandigarh #congress","rahulgandi","truckdriver","delhi","chandigarh","congress",,,,,,,,,,,,,,,,,,,,,,,,,
"@bjp.again

#aalusesona #gold #sonabanana #rahulgandhi #rahulgandi #rahulgandu #congresschorhai #factory #factoryrecords #newinventions #newinvention #pappu #pappumemes","aalusesona","gold","sonabanana","rahulgandhi","rahulgandi","rahulgandu","congresschorhai","factory","factoryrecords","newinventions","newinvention","pappu","pappumemes",,,,,,,,,,,,,,,,,
